Workbook
Name 建築物コード: #REF!
Name 建物コード: #REF!
Name 構造コード: #REF!
Name 構築物コード: #REF!
Name 残存割合: #REF!
Name 自動車コード: #REF!
Name 償却率: [1]種類・構造・型式・牛馬コード!$AH$4:$AI$103
Name 新古_修繕区分: #REF!
Name 生産費: #REF!
Name 生産費区分: #REF!
Name 税制19年: #REF!
Name 税制20年: #REF!
Name 耐用年数: [1]種類・構造・型式・牛馬コード!$Y$1:$AF$322
Name 調査始期: #REF!
Name 調査年: '[1]表紙 (新)'!$G$66
Name 農機具コード: #REF!

Sheet 設定
C1: 営農類型別経営統計（法人経営体） 設定シート
C2: 2020センサス番号 <入力>
C5: 設定 | H5: 集計 <自動>
B6: 集計月 | C6: 作業者 | D6: 性別 | E6: 年齢 | F6: 雇用形態 | G6: 経営主・構成員
B7: <選択> | C7: <入力> | D7: <選択> | E7: <入力> | F7: <選択> | G7: <選択> | H7: 総労働時間 | I7: 農業 | J7: 農業生産 | K7: 販売及び一般管理（農業） | L7: 受託（農業） | M7: 農業生産関連事業 | N7: その他事業
H8: 時間 | J8: 時間 | K8: 時間 | L8: 時間 | M8: 時間 | N8: 時間
B9: <=12 | H9: =SUM(I9,M9,N9) -> 0 | I9: =SUM(J9:L9) -> 0 | J9: =SUMIFS(日別入力!$AP:$AP,日別入力!$E:$E,設定!$C9,日別入力!$D:$D,設定!J$7,日別入力!$B:$B,設定!$B9) -> 0 | K9: =SUMIFS(日別入力!$AP:$AP,日別入力!$E:$E,設定!$C9,日別入力!$D:$D,設定!K$7,日別入力!$B:$B,設定!$B9) -> 0 | L9: =SUMIFS(日別入力!$AP:$AP,日別入力!$E:$E,設定!$C9,日別入力!$D:$D,設定!L$7,日別入力!$B:$B,設定!$B9) -> 0 | M9: =SUMIFS(日別入力!$AP:$AP,日別入力!$E:$E,設定!$C9,日別入力!$D:$D,設定!M$7,日別入力!$B:$B,設定!$B9) -> 0 | N9: =SUMIFS(日別入力!$AP:$AP,日別入力!$E:$E,設定!$C9,日別入力!$D:$D,設定!N$7,日別入力!$B:$B,設定!$B9) -> 0
B10: =B$9 -> <=12 | H10: =SUM(I10,M10,N10) -> 0 | I10: =SUM(J10:L10) -> 0 | J10: =SUMIFS(日別入力!$AP:$AP,日別入力!$E:$E,設定!$C10,日別入力!$D:$D,設定!J$7,日別入力!$B:$B,設定!$B10) -> 0 | K10: =SUMIFS(日別入力!$AP:$AP,日別入力!$E:$E,設定!$C10,日別入力!$D:$D,設定!K$7,日別入力!$B:$B,設定!$B10) -> 0 | L10: =SUMIFS(日別入力!$AP:$AP,日別入力!$E:$E,設定!$C10,日別入力!$D:$D,設定!L$7,日別入力!$B:$B,設定!$B10) -> 0 | M10: =SUMIFS(日別入力!$AP:$AP,日別入力!$E:$E,設定!$C10,日別入力!$D:$D,設定!M$7,日別入力!$B:$B,設定!$B10) -> 0 | N10: =SUMIFS(日別入力!$AP:$AP,日別入力!$E:$E,設定!$C10,日別入力!$D:$D,設定!N$7,日別入力!$B:$B,設定!$B10) -> 0
B11: =B$9 -> <=12 | H11: =SUM(I11,M11,N11) -> 0 | I11: =SUM(J11:L11) -> 0 | J11: =SUMIFS(日別入力!$AP:$AP,日別入力!$E:$E,設定!$C11,日別入力!$D:$D,設定!J$7,日別入力!$B:$B,設定!$B11) -> 0 | K11: =SUMIFS(日別入力!$AP:$AP,日別入力!$E:$E,設定!$C11,日別入力!$D:$D,設定!K$7,日別入力!$B:$B,設定!$B11) -> 0 | L11: =SUMIFS(日別入力!$AP:$AP,日別入力!$E:$E,設定!$C11,日別入力!$D:$D,設定!L$7,日別入力!$B:$B,設定!$B11) -> 0 | M11: =SUMIFS(日別入力!$AP:$AP,日別入力!$E:$E,設定!$C11,日別入力!$D:$D,設定!M$7,日別入力!$B:$B,設定!$B11) -> 0 | N11: =SUMIFS(日別入力!$AP:$AP,日別入力!$E:$E,設定!$C11,日別入力!$D:$D,設定!N$7,日別入力!$B:$B,設定!$B11) -> 0
B12: =B$9 -> <=12 | H12: =SUM(I12,M12,N12) -> 0 | I12: =SUM(J12:L12) -> 0 | J12: =SUMIFS(日別入力!$AP:$AP,日別入力!$E:$E,設定!$C12,日別入力!$D:$D,設定!J$7,日別入力!$B:$B,設定!$B12) -> 0 | K12: =SUMIFS(日別入力!$AP:$AP,日別入力!$E:$E,設定!$C12,日別入力!$D:$D,設定!K$7,日別入力!$B:$B,設定!$B12) -> 0 | L12: =SUMIFS(日別入力!$AP:$AP,日別入力!$E:$E,設定!$C12,日別入力!$D:$D,設定!L$7,日別入力!$B:$B,設定!$B12) -> 0 | M12: =SUMIFS(日別入力!$AP:$AP,日別入力!$E:$E,設定!$C12,日別入力!$D:$D,設定!M$7,日別入力!$B:$B,設定!$B12) -> 0 | N12: =SUMIFS(日別入力!$AP:$AP,日別入力!$E:$E,設定!$C12,日別入力!$D:$D,設定!N$7,日別入力!$B:$B,設定!$B12) -> 0
B13: =B$9 -> <=12 | H13: =SUM(I13,M13,N13) -> 0 | I13: =SUM(J13:L13) -> 0 | J13: =SUMIFS(日別入力!$AP:$AP,日別入力!$E:$E,設定!$C13,日別入力!$D:$D,設定!J$7,日別入力!$B:$B,設定!$B13) -> 0 | K13: =SUMIFS(日別入力!$AP:$AP,日別入力!$E:$E,設定!$C13,日別入力!$D:$D,設定!K$7,日別入力!$B:$B,設定!$B13) -> 0 | L13: =SUMIFS(日別入力!$AP:$AP,日別入力!$E:$E,設定!$C13,日別入力!$D:$D,設定!L$7,日別入力!$B:$B,設定!$B13) -> 0 | M13: =SUMIFS(日別入力!$AP:$AP,日別入力!$E:$E,設定!$C13,日別入力!$D:$D,設定!M$7,日別入力!$B:$B,設定!$B13) -> 0 | N13: =SUMIFS(日別入力!$AP:$AP,日別入力!$E:$E,設定!$C13,日別入力!$D:$D,設定!N$7,日別入力!$B:$B,設定!$B13) -> 0
B14: =B$9 -> <=12 | H14: =SUM(I14,M14,N14) -> 0 | I14: =SUM(J14:L14) -> 0 | J14: =SUMIFS(日別入力!$AP:$AP,日別入力!$E:$E,設定!$C14,日別入力!$D:$D,設定!J$7,日別入力!$B:$B,設定!$B14) -> 0 | K14: =SUMIFS(日別入力!$AP:$AP,日別入力!$E:$E,設定!$C14,日別入力!$D:$D,設定!K$7,日別入力!$B:$B,設定!$B14) -> 0 | L14: =SUMIFS(日別入力!$AP:$AP,日別入力!$E:$E,設定!$C14,日別入力!$D:$D,設定!L$7,日別入力!$B:$B,設定!$B14) -> 0 | M14: =SUMIFS(日別入力!$AP:$AP,日別入力!$E:$E,設定!$C14,日別入力!$D:$D,設定!M$7,日別入力!$B:$B,設定!$B14) -> 0 | N14: =SUMIFS(日別入力!$AP:$AP,日別入力!$E:$E,設定!$C14,日別入力!$D:$D,設定!N$7,日別入力!$B:$B,設定!$B14) -> 0
B15: =B$9 -> <=12 | H15: =SUM(I15,M15,N15) -> 0 | I15: =SUM(J15:L15) -> 0 | J15: =SUMIFS(日別入力!$AP:$AP,日別入力!$E:$E,設定!$C15,日別入力!$D:$D,設定!J$7,日別入力!$B:$B,設定!$B15) -> 0 | K15: =SUMIFS(日別入力!$AP:$AP,日別入力!$E:$E,設定!$C15,日別入力!$D:$D,設定!K$7,日別入力!$B:$B,設定!$B15) -> 0 | L15: =SUMIFS(日別入力!$AP:$AP,日別入力!$E:$E,設定!$C15,日別入力!$D:$D,設定!L$7,日別入力!$B:$B,設定!$B15) -> 0 | M15: =SUMIFS(日別入力!$AP:$AP,日別入力!$E:$E,設定!$C15,日別入力!$D:$D,設定!M$7,日別入力!$B:$B,設定!$B15) -> 0 | N15: =SUMIFS(日別入力!$AP:$AP,日別入力!$E:$E,設定!$C15,日別入力!$D:$D,設定!N$7,日別入力!$B:$B,設定!$B15) -> 0
B16: =B$9 -> <=12 | H16: =SUM(I16,M16,N16) -> 0 | I16: =SUM(J16:L16) -> 0 | J16: =SUMIFS(日別入力!$AP:$AP,日別入力!$E:$E,設定!$C16,日別入力!$D:$D,設定!J$7,日別入力!$B:$B,設定!$B16) -> 0 | K16: =SUMIFS(日別入力!$AP:$AP,日別入力!$E:$E,設定!$C16,日別入力!$D:$D,設定!K$7,日別入力!$B:$B,設定!$B16) -> 0 | L16: =SUMIFS(日別入力!$AP:$AP,日別入力!$E:$E,設定!$C16,日別入力!$D:$D,設定!L$7,日別入力!$B:$B,設定!$B16) -> 0 | M16: =SUMIFS(日別入力!$AP:$AP,日別入力!$E:$E,設定!$C16,日別入力!$D:$D,設定!M$7,日別入力!$B:$B,設定!$B16) -> 0 | N16: =SUMIFS(日別入力!$AP:$AP,日別入力!$E:$E,設定!$C16,日別入力!$D:$D,設定!N$7,日別入力!$B:$B,設定!$B16) -> 0
B17: =B$9 -> <=12 | H17: =SUM(I17,M17,N17) -> 0 | I17: =SUM(J17:L17) -> 0 | J17: =SUMIFS(日別入力!$AP:$AP,日別入力!$E:$E,設定!$C17,日別入力!$D:$D,設定!J$7,日別入力!$B:$B,設定!$B17) -> 0 | K17: =SUMIFS(日別入力!$AP:$AP,日別入力!$E:$E,設定!$C17,日別入力!$D:$D,設定!K$7,日別入力!$B:$B,設定!$B17) -> 0 | L17: =SUMIFS(日別入力!$AP:$AP,日別入力!$E:$E,設定!$C17,日別入力!$D:$D,設定!L$7,日別入力!$B:$B,設定!$B17) -> 0 | M17: =SUMIFS(日別入力!$AP:$AP,日別入力!$E:$E,設定!$C17,日別入力!$D:$D,設定!M$7,日別入力!$B:$B,設定!$B17) -> 0 | N17: =SUMIFS(日別入力!$AP:$AP,日別入力!$E:$E,設定!$C17,日別入力!$D:$D,設定!N$7,日別入力!$B:$B,設定!$B17) -> 0
B18: =B$9 -> <=12 | H18: =SUM(I18,M18,N18) -> 0 | I18: =SUM(J18:L18) -> 0 | J18: =SUMIFS(日別入力!$AP:$AP,日別入力!$E:$E,設定!$C18,日別入力!$D:$D,設定!J$7,日別入力!$B:$B,設定!$B18) -> 0 | K18: =SUMIFS(日別入力!$AP:$AP,日別入力!$E:$E,設定!$C18,日別入力!$D:$D,設定!K$7,日別入力!$B:$B,設定!$B18) -> 0 | L18: =SUMIFS(日別入力!$AP:$AP,日別入力!$E:$E,設定!$C18,日別入力!$D:$D,設定!L$7,日別入力!$B:$B,設定!$B18) -> 0 | M18: =SUMIFS(日別入力!$AP:$AP,日別入力!$E:$E,設定!$C18,日別入力!$D:$D,設定!M$7,日別入力!$B:$B,設定!$B18) -> 0 | N18: =SUMIFS(日別入力!$AP:$AP,日別入力!$E:$E,設定!$C18,日別入力!$D:$D,設定!N$7,日別入力!$B:$B,設定!$B18) -> 0
B19: =B$9 -> <=12 | H19: =SUM(I19,M19,N19) -> 0 | I19: =SUM(J19:L19) -> 0 | J19: =SUMIFS(日別入力!$AP:$AP,日別入力!$E:$E,設定!$C19,日別入力!$D:$D,設定!J$7,日別入力!$B:$B,設定!$B19) -> 0 | K19: =SUMIFS(日別入力!$AP:$AP,日別入力!$E:$E,設定!$C19,日別入力!$D:$D,設定!K$7,日別入力!$B:$B,設定!$B19) -> 0 | L19: =SUMIFS(日別入力!$AP:$AP,日別入力!$E:$E,設定!$C19,日別入力!$D:$D,設定!L$7,日別入力!$B:$B,設定!$B19) -> 0 | M19: =SUMIFS(日別入力!$AP:$AP,日別入力!$E:$E,設定!$C19,日別入力!$D:$D,設定!M$7,日別入力!$B:$B,設定!$B19) -> 0 | N19: =SUMIFS(日別入力!$AP:$AP,日別入力!$E:$E,設定!$C19,日別入力!$D:$D,設定!N$7,日別入力!$B:$B,設定!$B19) -> 0
B20: =B$9 -> <=12 | H20: =SUM(I20,M20,N20) -> 0 | I20: =SUM(J20:L20) -> 0 | J20: =SUMIFS(日別入力!$AP:$AP,日別入力!$E:$E,設定!$C20,日別入力!$D:$D,設定!J$7,日別入力!$B:$B,設定!$B20) -> 0 | K20: =SUMIFS(日別入力!$AP:$AP,日別入力!$E:$E,設定!$C20,日別入力!$D:$D,設定!K$7,日別入力!$B:$B,設定!$B20) -> 0 | L20: =SUMIFS(日別入力!$AP:$AP,日別入力!$E:$E,設定!$C20,日別入力!$D:$D,設定!L$7,日別入力!$B:$B,設定!$B20) -> 0 | M20: =SUMIFS(日別入力!$AP:$AP,日別入力!$E:$E,設定!$C20,日別入力!$D:$D,設定!M$7,日別入力!$B:$B,設定!$B20) -> 0 | N20: =SUMIFS(日別入力!$AP:$AP,日別入力!$E:$E,設定!$C20,日別入力!$D:$D,設定!N$7,日別入力!$B:$B,設定!$B20) -> 0
B21: =B$9 -> <=12 | H21: =SUM(I21,M21,N21) -> 0 | I21: =SUM(J21:L21) -> 0 | J21: =SUMIFS(日別入力!$AP:$AP,日別入力!$E:$E,設定!$C21,日別入力!$D:$D,設定!J$7,日別入力!$B:$B,設定!$B21) -> 0 | K21: =SUMIFS(日別入力!$AP:$AP,日別入力!$E:$E,設定!$C21,日別入力!$D:$D,設定!K$7,日別入力!$B:$B,設定!$B21) -> 0 | L21: =SUMIFS(日別入力!$AP:$AP,日別入力!$E:$E,設定!$C21,日別入力!$D:$D,設定!L$7,日別入力!$B:$B,設定!$B21) -> 0 | M21: =SUMIFS(日別入力!$AP:$AP,日別入力!$E:$E,設定!$C21,日別入力!$D:$D,設定!M$7,日別入力!$B:$B,設定!$B21) -> 0 | N21: =SUMIFS(日別入力!$AP:$AP,日別入力!$E:$E,設定!$C21,日別入力!$D:$D,設定!N$7,日別入力!$B:$B,設定!$B21) -> 0
... B108: =B$9 -> <=12 | H108: =SUM(I108,M108,N108) -> 0 | I108: =SUM(J108:L108) -> 0 | J108: =SUMIFS(日別入力!$AP:$AP,日別入力!$E:$E,設定!$C108,日別入力!$D:$D,設定!J$7,日別入力!$B:$B,設定!$B108) -> 0 | K108: =SUMIFS(日別入力!$AP:$AP,日別入力!$E:$E,設定!$C108,日別入力!$D:$D,設定!K$7,日別入力!$B:$B,設定!$B108) -> 0 | L108: =SUMIFS(日別入力!$AP:$AP,日別入力!$E:$E,設定!$C108,日別入力!$D:$D,設定!L$7,日別入力!$B:$B,設定!$B108) -> 0 | M108: =SUMIFS(日別入力!$AP:$AP,日別入力!$E:$E,設定!$C108,日別入力!$D:$D,設定!M$7,日別入力!$B:$B,設定!$B108) -> 0 | N108: =SUMIFS(日別入力!$AP:$AP,日別入力!$E:$E,設定!$C108,日別入力!$D:$D,設定!N$7,日別入力!$B:$B,設定!$B108) -> 0

Sheet 日別入力
B1: 営農類型別経営統計（法人経営体） 入力シート（日別）
B2: 2020センサス番号 <自動>
B3: =設定!C3 -> 0
B5: 月 | C5: 作業 <入力> | D5: →集計分類 <選択> | E5: 作業者名 <選択> | F5: 性別 <自動> | G5: 年齢 <自動> | H5: 雇用 形態 <自動> | I5: 経営主・構成員 <自動> | J5: １日当たり 標準労働 時間 | K5: 日別作業<入力> | AP5: 月計 <自動>
K6: 1 | L6: 2 | M6: 3 | N6: 4 | O6: 5 | P6: 6 | Q6: 7 | R6: 8 | S6: 9 | T6: 10 | U6: 11 | V6: 12 | W6: 13 | X6: 14 | Y6: 15 | Z6: 16 | AA6: 17 | AB6: 18 | AC6: 19 | AD6: 20 | AE6: 21 | AF6: 22 | AG6: 23 | AH6: 24 | AI6: 25 | AJ6: 26 | AK6: 27 | AL6: 28 | AM6: 29 | AN6: 30 | AO6: 31
F7: =IFERROR(VLOOKUP($E7,設定!$C:$G,2,0),"") | G7: =IFERROR(VLOOKUP($E7,設定!$C:$G,3,0),"") | H7: =IFERROR(VLOOKUP($E7,設定!$C:$G,4,0),"") | I7: =IFERROR(VLOOKUP($E7,設定!$C:$G,5,0),"") | AP7: =J7*SUM(K7:AO7) -> 0
F8: =IFERROR(VLOOKUP($E8,設定!$C:$G,2,0),"") | G8: =IFERROR(VLOOKUP($E8,設定!$C:$G,3,0),"") | H8: =IFERROR(VLOOKUP($E8,設定!$C:$G,4,0),"") | I8: =IFERROR(VLOOKUP($E8,設定!$C:$G,5,0),"") | AP8: =J8*SUM(K8:AO8) -> 0
F9: =IFERROR(VLOOKUP($E9,設定!$C:$G,2,0),"") | G9: =IFERROR(VLOOKUP($E9,設定!$C:$G,3,0),"") | H9: =IFERROR(VLOOKUP($E9,設定!$C:$G,4,0),"") | I9: =IFERROR(VLOOKUP($E9,設定!$C:$G,5,0),"") | AP9: =J9*SUM(K9:AO9) -> 0
F10: =IFERROR(VLOOKUP($E10,設定!$C:$G,2,0),"") | G10: =IFERROR(VLOOKUP($E10,設定!$C:$G,3,0),"") | H10: =IFERROR(VLOOKUP($E10,設定!$C:$G,4,0),"") | I10: =IFERROR(VLOOKUP($E10,設定!$C:$G,5,0),"") | AP10: =J10*SUM(K10:AO10) -> 0
F11: =IFERROR(VLOOKUP($E11,設定!$C:$G,2,0),"") | G11: =IFERROR(VLOOKUP($E11,設定!$C:$G,3,0),"") | H11: =IFERROR(VLOOKUP($E11,設定!$C:$G,4,0),"") | I11: =IFERROR(VLOOKUP($E11,設定!$C:$G,5,0),"") | AP11: =J11*SUM(K11:AO11) -> 0
F12: =IFERROR(VLOOKUP($E12,設定!$C:$G,2,0),"") | G12: =IFERROR(VLOOKUP($E12,設定!$C:$G,3,0),"") | H12: =IFERROR(VLOOKUP($E12,設定!$C:$G,4,0),"") | I12: =IFERROR(VLOOKUP($E12,設定!$C:$G,5,0),"") | AP12: =J12*SUM(K12:AO12) -> 0
F13: =IFERROR(VLOOKUP($E13,設定!$C:$G,2,0),"") | G13: =IFERROR(VLOOKUP($E13,設定!$C:$G,3,0),"") | H13: =IFERROR(VLOOKUP($E13,設定!$C:$G,4,0),"") | I13: =IFERROR(VLOOKUP($E13,設定!$C:$G,5,0),"") | AP13: =J13*SUM(K13:AO13) -> 0
F14: =IFERROR(VLOOKUP($E14,設定!$C:$G,2,0),"") | G14: =IFERROR(VLOOKUP($E14,設定!$C:$G,3,0),"") | H14: =IFERROR(VLOOKUP($E14,設定!$C:$G,4,0),"") | I14: =IFERROR(VLOOKUP($E14,設定!$C:$G,5,0),"") | AP14: =J14*SUM(K14:AO14) -> 0
F15: =IFERROR(VLOOKUP($E15,設定!$C:$G,2,0),"") | G15: =IFERROR(VLOOKUP($E15,設定!$C:$G,3,0),"") | H15: =IFERROR(VLOOKUP($E15,設定!$C:$G,4,0),"") | I15: =IFERROR(VLOOKUP($E15,設定!$C:$G,5,0),"") | AP15: =J15*SUM(K15:AO15) -> 0
F16: =IFERROR(VLOOKUP($E16,設定!$C:$G,2,0),"") | G16: =IFERROR(VLOOKUP($E16,設定!$C:$G,3,0),"") | H16: =IFERROR(VLOOKUP($E16,設定!$C:$G,4,0),"") | I16: =IFERROR(VLOOKUP($E16,設定!$C:$G,5,0),"") | AP16: =J16*SUM(K16:AO16) -> 0
F17: =IFERROR(VLOOKUP($E17,設定!$C:$G,2,0),"") | G17: =IFERROR(VLOOKUP($E17,設定!$C:$G,3,0),"") | H17: =IFERROR(VLOOKUP($E17,設定!$C:$G,4,0),"") | I17: =IFERROR(VLOOKUP($E17,設定!$C:$G,5,0),"") | AP17: =J17*SUM(K17:AO17) -> 0
F18: =IFERROR(VLOOKUP($E18,設定!$C:$G,2,0),"") | G18: =IFERROR(VLOOKUP($E18,設定!$C:$G,3,0),"") | H18: =IFERROR(VLOOKUP($E18,設定!$C:$G,4,0),"") | I18: =IFERROR(VLOOKUP($E18,設定!$C:$G,5,0),"") | AP18: =J18*SUM(K18:AO18) -> 0
... F681: =IFERROR(VLOOKUP($E681,設定!$C:$G,2,0),"") | G681: =IFERROR(VLOOKUP($E681,設定!$C:$G,3,0),"") | H681: =IFERROR(VLOOKUP($E681,設定!$C:$G,4,0),"") | I681: =IFERROR(VLOOKUP($E681,設定!$C:$G,5,0),"") | AP681: =J681*SUM(K681:AO681) -> 0

Sheet 12_01_労働の概況
A2: 【12】労働の概要
B4: １ 事業従事者の数
C5: １年間（決算期間）の事業従事者について、男女別に雇用形態別、構成員の別に実人数で記入してください。 また、事業従事者のうち農業従業者について男女別・年齢別日数階層別に記入してください。
B7: (１) 雇用形態別の事業従事者数
B8: 区 分 | P8: 男 （人） | V8: 女 （人）
B10: 有給役員 | D10: 事業従事者 | P10: =COUNTIFS(設定!$F:$F,"有給役員",設定!$D:$D,"男") -> 0 | V10: =COUNTIFS(設定!$F:$F,"有給役員",設定!$D:$D,"女") -> 0
E11: うち農業従事者 | P11: =COUNTIFS(設定!$F:$F,"有給役員",設定!$I:$I,">1",設定!$D:$D,"男") -> 0 | V11: =COUNTIFS(設定!$F:$F,"有給役員",設定!$I:$I,">1",設定!$D:$D,"女") -> 0
B12: 常用雇用者 | D12: 正社員・正職員 | P12: =COUNTIFS(設定!$F:$F,"正社員７か月以上",設定!$D:$D,"男")+COUNTIFS(設定!$F:$F,"正社員７か月未満",設定!$D:$D,"男") -> 0 | V12: =COUNTIFS(設定!$F:$F,"正社員７か月以上",設定!$D:$D,"女")+COUNTIFS(設定!$F:$F,"正社員７か月未満",設定!$D:$D,"女") -> 0
E13: うち農業従事者 | P13: =COUNTIFS(設定!$F:$F,"正社員７か月以上",設定!$I:$I,">1",設定!$D:$D,"男")+COUNTIFS(設定!$F:$F,"正社員７か月未満",設定!$I:$I,">1",設定!$D:$D,"男") -> 0 | V13: =COUNTIFS(設定!$F:$F,"正社員７か月以上",設定!$I:$I,">1",設定!$D:$D,"女")+COUNTIFS(設定!$F:$F,"正社員７か月未満",設定!$I:$I,">1",設定!$D:$D,"女") -> 0
D14: その他 | P14: =COUNTIFS(設定!$F:$F,"その他７か月以上",設定!$D:$D,"男")+COUNTIFS(設定!$F:$F,"その他７か月未満",設定!$D:$D,"男") -> 0 | V14: =COUNTIFS(設定!$F:$F,"その他７か月以上",設定!$D:$D,"女")+COUNTIFS(設定!$F:$F,"その他７か月未満",設定!$D:$D,"女") -> 0
E15: うち農業従事者 | P15: =COUNTIFS(設定!$F:$F,"その他７か月以上",設定!$I:$I,">1",設定!$D:$D,"男")+COUNTIFS(設定!$F:$F,"その他７か月未満",設定!$I:$I,">1",設定!$D:$D,"男") -> 0 | V15: =COUNTIFS(設定!$F:$F,"その他７か月以上",設定!$I:$I,">1",設定!$D:$D,"女")+COUNTIFS(設定!$F:$F,"その他７か月未満",設定!$I:$I,">1",設定!$D:$D,"女") -> 0
D16: うち７か月以上 | P16: =COUNTIFS(設定!$F:$F,"正社員７か月以上",設定!$D:$D,"男")+COUNTIFS(設定!$F:$F,"その他７か月以上",設定!$D:$D,"男") -> 0 | V16: =COUNTIFS(設定!$F:$F,"正社員７か月以上",設定!$D:$D,"女")+COUNTIFS(設定!$F:$F,"その他７か月以上",設定!$D:$D,"女") -> 0
E17: うち農業従事者 | P17: =COUNTIFS(設定!$F:$F,"正社員７か月以上",設定!$I:$I,">1",設定!$D:$D,"男")+COUNTIFS(設定!$F:$F,"その他７か月以上",設定!$I:$I,">1",設定!$D:$D,"男") -> 0 | V17: =COUNTIFS(設定!$F:$F,"正社員７か月以上",設定!$I:$I,">1",設定!$D:$D,"女")+COUNTIFS(設定!$F:$F,"その他７か月以上",設定!$I:$I,">1",設定!$D:$D,"女") -> 0
B18: 臨時雇用者 | P18: =COUNTIFS(設定!$F:$F,"臨時雇用者",設定!$D:$D,"男") -> 0 | V18: =COUNTIFS(設定!$F:$F,"臨時雇用者",設定!$D:$D,"女") -> 0
C19: うち農業従事者 | P19: =COUNTIFS(設定!$F:$F,"臨時雇用者",設定!$I:$I,">1",設定!$D:$D,"男") -> 0 | V19: =COUNTIFS(設定!$F:$F,"臨時雇用者",設定!$I:$I,">1",設定!$D:$D,"女") -> 0
B22: (２) 構成員数
B23: 区 分 | P23: 男 （人） | V23: 女 （人）
B25: 構成員 | D25: 事業従事者 | P25: =COUNTIFS(設定!$G:$G,"構成員",設定!$F:$F,"<>有給役員",設定!$D:$D,"男") -> 0 | V25: =COUNTIFS(設定!$G:$G,"構成員",設定!$F:$F,"<>有給役員",設定!$D:$D,"女") -> 0
E26: うち農業従事者 | P26: =COUNTIFS(設定!$G:$G,"構成員",設定!$F:$F,"<>有給役員",設定!$I:$I,">1",設定!$D:$D,"男") -> 0 | V26: =COUNTIFS(設定!$G:$G,"構成員",設定!$F:$F,"<>有給役員",設定!$I:$I,">1",設定!$D:$D,"女") -> 0
B28: (３) 農業従事者の年齢別日数別従事者数
B29: 区 分 | K29: 農業に従事した日数別 （人）
K30: 60日未満 | P30: 60～150日 | U30: 150日以上
B31: 男 | D31: 35歳未満 | K31: =COUNTIFS(設定!$F:$F,"<>臨時雇用者",設定!$D:$D,"男",設定!$E:$E,">=16",設定!$E:$E,"<35",設定!$I:$I,">1",設定!$I:$I,"<480") -> 0 | P31: =COUNTIFS(設定!$F:$F,"<>臨時雇用者",設定!$D:$D,"男",設定!$E:$E,">=16",設定!$E:$E,"<35",設定!$I:$I,">=480",設定!$I:$I,"<1200") -> 0 | U31: =COUNTIFS(設定!$F:$F,"<>臨時雇用者",設定!$D:$D,"男",設定!$E:$E,">=16",設定!$E:$E,"<35",設定!$I:$I,">=1200",設定!$I:$I,"<999999") -> 0
D32: 35～44 | K32: =COUNTIFS(設定!$F:$F,"<>臨時雇用者",設定!$D:$D,"男",設定!$E:$E,">=35",設定!$E:$E,"<45",設定!$I:$I,">1",設定!$I:$I,"<480") -> 0 | P32: =COUNTIFS(設定!$F:$F,"<>臨時雇用者",設定!$D:$D,"男",設定!$E:$E,">=35",設定!$E:$E,"<45",設定!$I:$I,">=480",設定!$I:$I,"<1200") -> 0 | U32: =COUNTIFS(設定!$F:$F,"<>臨時雇用者",設定!$D:$D,"男",設定!$E:$E,">=35",設定!$E:$E,"<45",設定!$I:$I,">=1200",設定!$I:$I,"<999999") -> 0
D33: 45～49 | K33: =COUNTIFS(設定!$F:$F,"<>臨時雇用者",設定!$D:$D,"男",設定!$E:$E,">=45",設定!$E:$E,"<50",設定!$I:$I,">1",設定!$I:$I,"<480") -> 0 | P33: =COUNTIFS(設定!$F:$F,"<>臨時雇用者",設定!$D:$D,"男",設定!$E:$E,">=45",設定!$E:$E,"<50",設定!$I:$I,">=480",設定!$I:$I,"<1200") -> 0 | U33: =COUNTIFS(設定!$F:$F,"<>臨時雇用者",設定!$D:$D,"男",設定!$E:$E,">=45",設定!$E:$E,"<50",設定!$I:$I,">=1200",設定!$I:$I,"<999999") -> 0
D34: 50～59 | K34: =COUNTIFS(設定!$F:$F,"<>臨時雇用者",設定!$D:$D,"男",設定!$E:$E,">=50",設定!$E:$E,"<60",設定!$I:$I,">1",設定!$I:$I,"<480") -> 0 | P34: =COUNTIFS(設定!$F:$F,"<>臨時雇用者",設定!$D:$D,"男",設定!$E:$E,">=50",設定!$E:$E,"<60",設定!$I:$I,">=480",設定!$I:$I,"<1200") -> 0 | U34: =COUNTIFS(設定!$F:$F,"<>臨時雇用者",設定!$D:$D,"男",設定!$E:$E,">=50",設定!$E:$E,"<60",設定!$I:$I,">=1200",設定!$I:$I,"<999999") -> 0
D35: 60～64 | K35: =COUNTIFS(設定!$F:$F,"<>臨時雇用者",設定!$D:$D,"男",設定!$E:$E,">=60",設定!$E:$E,"<65",設定!$I:$I,">1",設定!$I:$I,"<480") -> 0 | P35: =COUNTIFS(設定!$F:$F,"<>臨時雇用者",設定!$D:$D,"男",設定!$E:$E,">=60",設定!$E:$E,"<65",設定!$I:$I,">=480",設定!$I:$I,"<1200") -> 0 | U35: =COUNTIFS(設定!$F:$F,"<>臨時雇用者",設定!$D:$D,"男",設定!$E:$E,">=60",設定!$E:$E,"<65",設定!$I:$I,">=1200",設定!$I:$I,"<999999") -> 0
D36: 65～69 | K36: =COUNTIFS(設定!$F:$F,"<>臨時雇用者",設定!$D:$D,"男",設定!$E:$E,">=65",設定!$E:$E,"<70",設定!$I:$I,">1",設定!$I:$I,"<480") -> 0 | P36: =COUNTIFS(設定!$F:$F,"<>臨時雇用者",設定!$D:$D,"男",設定!$E:$E,">=65",設定!$E:$E,"<70",設定!$I:$I,">=480",設定!$I:$I,"<1200") -> 0 | U36: =COUNTIFS(設定!$F:$F,"<>臨時雇用者",設定!$D:$D,"男",設定!$E:$E,">=65",設定!$E:$E,"<70",設定!$I:$I,">=1200",設定!$I:$I,"<999999") -> 0
D37: 70歳以上 | K37: =COUNTIFS(設定!$F:$F,"<>臨時雇用者",設定!$D:$D,"男",設定!$E:$E,">=70",設定!$E:$E,"<999",設定!$I:$I,">1",設定!$I:$I,"<480") -> 0 | P37: =COUNTIFS(設定!$F:$F,"<>臨時雇用者",設定!$D:$D,"男",設定!$E:$E,">=70",設定!$E:$E,"<999",設定!$I:$I,">=480",設定!$I:$I,"<1200") -> 0 | U37: =COUNTIFS(設定!$F:$F,"<>臨時雇用者",設定!$D:$D,"男",設定!$E:$E,">=70",設定!$E:$E,"<999",設定!$I:$I,">=1200",設定!$I:$I,"<999999") -> 0
B38: 女 | D38: 35歳未満 | K38: =COUNTIFS(設定!$F:$F,"<>臨時雇用者",設定!$D:$D,"女",設定!$E:$E,">=16",設定!$E:$E,"<35",設定!$I:$I,">1",設定!$I:$I,"<480") -> 0 | P38: =COUNTIFS(設定!$F:$F,"<>臨時雇用者",設定!$D:$D,"女",設定!$E:$E,">=16",設定!$E:$E,"<35",設定!$I:$I,">=480",設定!$I:$I,"<1200") -> 0 | U38: =COUNTIFS(設定!$F:$F,"<>臨時雇用者",設定!$D:$D,"女",設定!$E:$E,">=16",設定!$E:$E,"<35",設定!$I:$I,">=1200",設定!$I:$I,"<999999") -> 0
D39: 35～44 | K39: =COUNTIFS(設定!$F:$F,"<>臨時雇用者",設定!$D:$D,"女",設定!$E:$E,">=35",設定!$E:$E,"<45",設定!$I:$I,">1",設定!$I:$I,"<480") -> 0 | P39: =COUNTIFS(設定!$F:$F,"<>臨時雇用者",設定!$D:$D,"女",設定!$E:$E,">=35",設定!$E:$E,"<45",設定!$I:$I,">=480",設定!$I:$I,"<1200") -> 0 | U39: =COUNTIFS(設定!$F:$F,"<>臨時雇用者",設定!$D:$D,"女",設定!$E:$E,">=35",設定!$E:$E,"<45",設定!$I:$I,">=1200",設定!$I:$I,"<999999") -> 0
D40: 45～49 | K40: =COUNTIFS(設定!$F:$F,"<>臨時雇用者",設定!$D:$D,"女",設定!$E:$E,">=45",設定!$E:$E,"<50",設定!$I:$I,">1",設定!$I:$I,"<480") -> 0 | P40: =COUNTIFS(設定!$F:$F,"<>臨時雇用者",設定!$D:$D,"女",設定!$E:$E,">=45",設定!$E:$E,"<50",設定!$I:$I,">=480",設定!$I:$I,"<1200") -> 0 | U40: =COUNTIFS(設定!$F:$F,"<>臨時雇用者",設定!$D:$D,"女",設定!$E:$E,">=45",設定!$E:$E,"<50",設定!$I:$I,">=1200",設定!$I:$I,"<999999") -> 0
D41: 50～59 | K41: =COUNTIFS(設定!$F:$F,"<>臨時雇用者",設定!$D:$D,"女",設定!$E:$E,">=50",設定!$E:$E,"<60",設定!$I:$I,">1",設定!$I:$I,"<480") -> 0 | P41: =COUNTIFS(設定!$F:$F,"<>臨時雇用者",設定!$D:$D,"女",設定!$E:$E,">=50",設定!$E:$E,"<60",設定!$I:$I,">=480",設定!$I:$I,"<1200") -> 0 | U41: =COUNTIFS(設定!$F:$F,"<>臨時雇用者",設定!$D:$D,"女",設定!$E:$E,">=50",設定!$E:$E,"<60",設定!$I:$I,">=1200",設定!$I:$I,"<999999") -> 0
D42: 60～64 | K42: =COUNTIFS(設定!$F:$F,"<>臨時雇用者",設定!$D:$D,"女",設定!$E:$E,">=60",設定!$E:$E,"<65",設定!$I:$I,">1",設定!$I:$I,"<480") -> 0 | P42: =COUNTIFS(設定!$F:$F,"<>臨時雇用者",設定!$D:$D,"女",設定!$E:$E,">=60",設定!$E:$E,"<65",設定!$I:$I,">=480",設定!$I:$I,"<1200") -> 0 | U42: =COUNTIFS(設定!$F:$F,"<>臨時雇用者",設定!$D:$D,"女",設定!$E:$E,">=60",設定!$E:$E,"<65",設定!$I:$I,">=1200",設定!$I:$I,"<999999") -> 0
D43: 65～69 | K43: =COUNTIFS(設定!$F:$F,"<>臨時雇用者",設定!$D:$D,"女",設定!$E:$E,">=65",設定!$E:$E,"<70",設定!$I:$I,">1",設定!$I:$I,"<480") -> 0 | P43: =COUNTIFS(設定!$F:$F,"<>臨時雇用者",設定!$D:$D,"女",設定!$E:$E,">=65",設定!$E:$E,"<70",設定!$I:$I,">=480",設定!$I:$I,"<1200") -> 0 | U43: =COUNTIFS(設定!$F:$F,"<>臨時雇用者",設定!$D:$D,"女",設定!$E:$E,">=65",設定!$E:$E,"<70",設定!$I:$I,">=1200",設定!$I:$I,"<999999") -> 0
D44: 70歳以上 | K44: =COUNTIFS(設定!$F:$F,"<>臨時雇用者",設定!$D:$D,"女",設定!$E:$E,">=70",設定!$E:$E,"<999",設定!$I:$I,">1",設定!$I:$I,"<480") -> 0 | P44: =COUNTIFS(設定!$F:$F,"<>臨時雇用者",設定!$D:$D,"女",設定!$E:$E,">=70",設定!$E:$E,"<999",設定!$I:$I,">=480",設定!$I:$I,"<1200") -> 0 | U44: =COUNTIFS(設定!$F:$F,"<>臨時雇用者",設定!$D:$D,"女",設定!$E:$E,">=70",設定!$E:$E,"<999",設定!$I:$I,">=1200",設定!$I:$I,"<999999") -> 0

Sheet 12_02_労働の概況
A4: ２ 作業別・年齢別の労働時間
B5: 事業従事者の１年間（決算期間）の作業別の労働時間を男女別に雇用形態別、経営主、構成員の別に記入してください。 また、農業労働時間について雇用形態別の労働時間を男女別・年齢階層別に記入してください。
B9: (１) 雇用形態別の作業別労働時間
B10: 区 分 | N10: 労働時間計 （時間）
S11: 農 業 | AM11: 農業生産 関連事業
X12: 農畜産物 の生産 | AC12: 販売・一般管理 | AH12: 受 託
B14: 有給 役員 | F14: 男 | N14: =SUMIFS(設定!H:H,設定!$F:$F,"有給役員",設定!$D:$D,"男") -> 0 | S14: =SUMIFS(設定!I:I,設定!$F:$F,"有給役員",設定!$D:$D,"男") -> 0 | X14: =SUMIFS(設定!J:J,設定!$F:$F,"有給役員",設定!$D:$D,"男") -> 0 | AC14: =SUMIFS(設定!K:K,設定!$F:$F,"有給役員",設定!$D:$D,"男") -> 0 | AH14: =SUMIFS(設定!L:L,設定!$F:$F,"有給役員",設定!$D:$D,"男") -> 0 | AM14: =SUMIFS(設定!M:M,設定!$F:$F,"有給役員",設定!$D:$D,"男") -> 0
F15: 女 | N15: =SUMIFS(設定!H:H,設定!$F:$F,"有給役員",設定!$D:$D,"女") -> 0 | S15: =SUMIFS(設定!I:I,設定!$F:$F,"有給役員",設定!$D:$D,"女") -> 0 | X15: =SUMIFS(設定!J:J,設定!$F:$F,"有給役員",設定!$D:$D,"女") -> 0 | AC15: =SUMIFS(設定!K:K,設定!$F:$F,"有給役員",設定!$D:$D,"女") -> 0 | AH15: =SUMIFS(設定!L:L,設定!$F:$F,"有給役員",設定!$D:$D,"女") -> 0 | AM15: =SUMIFS(設定!M:M,設定!$F:$F,"有給役員",設定!$D:$D,"女") -> 0
B16: 常用雇用者 | D16: 男 | F16: 正社員・正職員 | N16: =SUMIFS(設定!H:H,設定!$F:$F,"正社員７か月以上",設定!$D:$D,"男")+SUMIFS(設定!H:H,設定!$F:$F,"正社員７か月未満",設定!$D:$D,"男") -> 0 | S16: =SUMIFS(設定!I:I,設定!$F:$F,"正社員７か月以上",設定!$D:$D,"男")+SUMIFS(設定!I:I,設定!$F:$F,"正社員７か月未満",設定!$D:$D,"男") -> 0 | X16: =SUMIFS(設定!J:J,設定!$F:$F,"正社員７か月以上",設定!$D:$D,"男")+SUMIFS(設定!J:J,設定!$F:$F,"正社員７か月未満",設定!$D:$D,"男") -> 0 | AC16: =SUMIFS(設定!K:K,設定!$F:$F,"正社員７か月以上",設定!$D:$D,"男")+SUMIFS(設定!K:K,設定!$F:$F,"正社員７か月未満",設定!$D:$D,"男") -> 0 | AH16: =SUMIFS(設定!L:L,設定!$F:$F,"正社員７か月以上",設定!$D:$D,"男")+SUMIFS(設定!L:L,設定!$F:$F,"正社員７か月未満",設定!$D:$D,"男") -> 0 | AM16: =SUMIFS(設定!M:M,設定!$F:$F,"正社員７か月以上",設定!$D:$D,"男")+SUMIFS(設定!M:M,設定!$F:$F,"正社員７か月未満",設定!$D:$D,"男") -> 0
F17: その他 | N17: =SUMIFS(設定!H:H,設定!$F:$F,"その他７か月以上",設定!$D:$D,"男")+SUMIFS(設定!H:H,設定!$F:$F,"その他７か月未満",設定!$D:$D,"男") -> 0 | S17: =SUMIFS(設定!I:I,設定!$F:$F,"その他７か月以上",設定!$D:$D,"男")+SUMIFS(設定!I:I,設定!$F:$F,"その他７か月未満",設定!$D:$D,"男") -> 0 | X17: =SUMIFS(設定!J:J,設定!$F:$F,"その他７か月以上",設定!$D:$D,"男")+SUMIFS(設定!J:J,設定!$F:$F,"その他７か月未満",設定!$D:$D,"男") -> 0 | AC17: =SUMIFS(設定!K:K,設定!$F:$F,"その他７か月以上",設定!$D:$D,"男")+SUMIFS(設定!K:K,設定!$F:$F,"その他７か月未満",設定!$D:$D,"男") -> 0 | AH17: =SUMIFS(設定!L:L,設定!$F:$F,"その他７か月以上",設定!$D:$D,"男")+SUMIFS(設定!L:L,設定!$F:$F,"その他７か月未満",設定!$D:$D,"男") -> 0 | AM17: =SUMIFS(設定!M:M,設定!$F:$F,"その他７か月以上",設定!$D:$D,"男")+SUMIFS(設定!M:M,設定!$F:$F,"その他７か月未満",設定!$D:$D,"男") -> 0
F18: うち７か月以上 | N18: =SUMIFS(設定!H:H,設定!$F:$F,"正社員７か月以上",設定!$D:$D,"男")+SUMIFS(設定!H:H,設定!$F:$F,"その他７か月以上",設定!$D:$D,"男") -> 0 | S18: =SUMIFS(設定!I:I,設定!$F:$F,"正社員７か月以上",設定!$D:$D,"男")+SUMIFS(設定!I:I,設定!$F:$F,"その他７か月以上",設定!$D:$D,"男") -> 0 | X18: =SUMIFS(設定!J:J,設定!$F:$F,"正社員７か月以上",設定!$D:$D,"男")+SUMIFS(設定!J:J,設定!$F:$F,"その他７か月以上",設定!$D:$D,"男") -> 0 | AC18: =SUMIFS(設定!K:K,設定!$F:$F,"正社員７か月以上",設定!$D:$D,"男")+SUMIFS(設定!K:K,設定!$F:$F,"その他７か月以上",設定!$D:$D,"男") -> 0 | AH18: =SUMIFS(設定!L:L,設定!$F:$F,"正社員７か月以上",設定!$D:$D,"男")+SUMIFS(設定!L:L,設定!$F:$F,"その他７か月以上",設定!$D:$D,"男") -> 0 | AM18: =SUMIFS(設定!M:M,設定!$F:$F,"正社員７か月以上",設定!$D:$D,"男")+SUMIFS(設定!M:M,設定!$F:$F,"その他７か月以上",設定!$D:$D,"男") -> 0
D19: 女 | F19: 正社員・正職員 | N19: =SUMIFS(設定!H:H,設定!$F:$F,"正社員７か月以上",設定!$D:$D,"女")+SUMIFS(設定!H:H,設定!$F:$F,"正社員７か月未満",設定!$D:$D,"女") -> 0 | S19: =SUMIFS(設定!I:I,設定!$F:$F,"正社員７か月以上",設定!$D:$D,"女")+SUMIFS(設定!I:I,設定!$F:$F,"正社員７か月未満",設定!$D:$D,"女") -> 0 | X19: =SUMIFS(設定!J:J,設定!$F:$F,"正社員７か月以上",設定!$D:$D,"女")+SUMIFS(設定!J:J,設定!$F:$F,"正社員７か月未満",設定!$D:$D,"女") -> 0 | AC19: =SUMIFS(設定!K:K,設定!$F:$F,"正社員７か月以上",設定!$D:$D,"女")+SUMIFS(設定!K:K,設定!$F:$F,"正社員７か月未満",設定!$D:$D,"女") -> 0 | AH19: =SUMIFS(設定!L:L,設定!$F:$F,"正社員７か月以上",設定!$D:$D,"女")+SUMIFS(設定!L:L,設定!$F:$F,"正社員７か月未満",設定!$D:$D,"女") -> 0 | AM19: =SUMIFS(設定!M:M,設定!$F:$F,"正社員７か月以上",設定!$D:$D,"女")+SUMIFS(設定!M:M,設定!$F:$F,"正社員７か月未満",設定!$D:$D,"女") -> 0
F20: その他 | N20: =SUMIFS(設定!H:H,設定!$F:$F,"その他７か月以上",設定!$D:$D,"女")+SUMIFS(設定!H:H,設定!$F:$F,"その他７か月未満",設定!$D:$D,"女") -> 0 | S20: =SUMIFS(設定!I:I,設定!$F:$F,"その他７か月以上",設定!$D:$D,"女")+SUMIFS(設定!I:I,設定!$F:$F,"その他７か月未満",設定!$D:$D,"女") -> 0 | X20: =SUMIFS(設定!J:J,設定!$F:$F,"その他７か月以上",設定!$D:$D,"女")+SUMIFS(設定!J:J,設定!$F:$F,"その他７か月未満",設定!$D:$D,"女") -> 0 | AC20: =SUMIFS(設定!K:K,設定!$F:$F,"その他７か月以上",設定!$D:$D,"女")+SUMIFS(設定!K:K,設定!$F:$F,"その他７か月未満",設定!$D:$D,"女") -> 0 | AH20: =SUMIFS(設定!L:L,設定!$F:$F,"その他７か月以上",設定!$D:$D,"女")+SUMIFS(設定!L:L,設定!$F:$F,"その他７か月未満",設定!$D:$D,"女") -> 0 | AM20: =SUMIFS(設定!M:M,設定!$F:$F,"その他７か月以上",設定!$D:$D,"女")+SUMIFS(設定!M:M,設定!$F:$F,"その他７か月未満",設定!$D:$D,"女") -> 0
F21: うち７か月以上 | N21: =SUMIFS(設定!H:H,設定!$F:$F,"正社員７か月以上",設定!$D:$D,"女")+SUMIFS(設定!H:H,設定!$F:$F,"その他７か月以上",設定!$D:$D,"女") -> 0 | S21: =SUMIFS(設定!I:I,設定!$F:$F,"正社員７か月以上",設定!$D:$D,"女")+SUMIFS(設定!I:I,設定!$F:$F,"その他７か月以上",設定!$D:$D,"女") -> 0 | X21: =SUMIFS(設定!J:J,設定!$F:$F,"正社員７か月以上",設定!$D:$D,"女")+SUMIFS(設定!J:J,設定!$F:$F,"その他７か月以上",設定!$D:$D,"女") -> 0 | AC21: =SUMIFS(設定!K:K,設定!$F:$F,"正社員７か月以上",設定!$D:$D,"女")+SUMIFS(設定!K:K,設定!$F:$F,"その他７か月以上",設定!$D:$D,"女") -> 0 | AH21: =SUMIFS(設定!L:L,設定!$F:$F,"正社員７か月以上",設定!$D:$D,"女")+SUMIFS(設定!L:L,設定!$F:$F,"その他７か月以上",設定!$D:$D,"女") -> 0 | AM21: =SUMIFS(設定!M:M,設定!$F:$F,"正社員７か月以上",設定!$D:$D,"女")+SUMIFS(設定!M:M,設定!$F:$F,"その他７か月以上",設定!$D:$D,"女") -> 0
B22: 臨時 雇用者 | F22: 男 | N22: =SUMIFS(設定!H:H,設定!$F:$F,"臨時雇用者",設定!$D:$D,"男") -> 0 | S22: =SUMIFS(設定!I:I,設定!$F:$F,"臨時雇用者",設定!$D:$D,"男") -> 0 | X22: =SUMIFS(設定!J:J,設定!$F:$F,"臨時雇用者",設定!$D:$D,"男") -> 0 | AC22: =SUMIFS(設定!K:K,設定!$F:$F,"臨時雇用者",設定!$D:$D,"男") -> 0 | AH22: =SUMIFS(設定!L:L,設定!$F:$F,"臨時雇用者",設定!$D:$D,"男") -> 0 | AM22: =SUMIFS(設定!M:M,設定!$F:$F,"臨時雇用者",設定!$D:$D,"男") -> 0
F23: 女 | N23: =SUMIFS(設定!H:H,設定!$F:$F,"臨時雇用者",設定!$D:$D,"女") -> 0 | S23: =SUMIFS(設定!I:I,設定!$F:$F,"臨時雇用者",設定!$D:$D,"女") -> 0 | X23: =SUMIFS(設定!J:J,設定!$F:$F,"臨時雇用者",設定!$D:$D,"女") -> 0 | AC23: =SUMIFS(設定!K:K,設定!$F:$F,"臨時雇用者",設定!$D:$D,"女") -> 0 | AH23: =SUMIFS(設定!L:L,設定!$F:$F,"臨時雇用者",設定!$D:$D,"女") -> 0 | AM23: =SUMIFS(設定!M:M,設定!$F:$F,"臨時雇用者",設定!$D:$D,"女") -> 0
B25: (２)経営主、構成員の作業別労働時間
B26: 区 分 | N26: 労働時間計 （時間）
S27: 農 業 | AM27: 農業生産 関連事業
X28: 農畜産物 の生産 | AC28: 販売・一般管理 | AH28: 受 託
B30: 経営主 | N30: =SUMIFS(設定!H:H,設定!$G:$G,"経営主") -> 0 | S30: =SUMIFS(設定!I:I,設定!$G:$G,"経営主") -> 0 | X30: =SUMIFS(設定!J:J,設定!$G:$G,"経営主") -> 0 | AC30: =SUMIFS(設定!K:K,設定!$G:$G,"経営主") -> 0 | AH30: =SUMIFS(設定!L:L,設定!$G:$G,"経営主") -> 0 | AM30: =SUMIFS(設定!M:M,設定!$G:$G,"経営主") -> 0
B31: 構成員 | F31: 男 | N31: =SUMIFS(設定!H:H,設定!$G:$G,"構成員",設定!$F:$F,"<>有給役員",設定!$D:$D,"男") -> 0 | S31: =SUMIFS(設定!I:I,設定!$G:$G,"構成員",設定!$F:$F,"<>有給役員",設定!$D:$D,"男") -> 0 | X31: =SUMIFS(設定!J:J,設定!$G:$G,"構成員",設定!$F:$F,"<>有給役員",設定!$D:$D,"男") -> 0 | AC31: =SUMIFS(設定!K:K,設定!$G:$G,"構成員",設定!$F:$F,"<>有給役員",設定!$D:$D,"男") -> 0 | AH31: =SUMIFS(設定!L:L,設定!$G:$G,"構成員",設定!$F:$F,"<>有給役員",設定!$D:$D,"男") -> 0 | AM31: =SUMIFS(設定!M:M,設定!$G:$G,"構成員",設定!$F:$F,"<>有給役員",設定!$D:$D,"男") -> 0
F32: 女 | N32: =SUMIFS(設定!H:H,設定!$G:$G,"構成員",設定!$F:$F,"<>有給役員",設定!$D:$D,"女") -> 0 | S32: =SUMIFS(設定!I:I,設定!$G:$G,"構成員",設定!$F:$F,"<>有給役員",設定!$D:$D,"女") -> 0 | X32: =SUMIFS(設定!J:J,設定!$G:$G,"構成員",設定!$F:$F,"<>有給役員",設定!$D:$D,"女") -> 0 | AC32: =SUMIFS(設定!K:K,設定!$G:$G,"構成員",設定!$F:$F,"<>有給役員",設定!$D:$D,"女") -> 0 | AH32: =SUMIFS(設定!L:L,設定!$G:$G,"構成員",設定!$F:$F,"<>有給役員",設定!$D:$D,"女") -> 0 | AM32: =SUMIFS(設定!M:M,設定!$G:$G,"構成員",設定!$F:$F,"<>有給役員",設定!$D:$D,"女") -> 0
B34: (３) 雇用形態別の年齢別農業労働時間
B35: 区 分 | K35: 有給役員 （時間） | P35: 常用雇用者 （時間）
U36: うち７カ月 以上雇用者
B38: 男 | D38: 35歳未満 | K38: =SUMIFS(設定!$I:$I,設定!$D:$D,"男",設定!$E:$E,">=16",設定!$E:$E,"<35",設定!$F:$F,"有給役員") -> 0 | P38: =SUMIFS(設定!$I:$I,設定!$D:$D,"男",設定!$E:$E,">=16",設定!$E:$E,"<35",設定!$F:$F,"正社員７か月以上")+SUMIFS(設定!$I:$I,設定!$D:$D,"男",設定!$E:$E,">=16",設定!$E:$E,"<35",設定!$F:$F,"正社員７か月未満")+SUMIFS(設定!$I:$I,設定!$D:$D,"男",設定!$E:$E,">=16",設定!$E:$E,"<35",設定!$F:$F,"その他７か月以上")+SUMIFS(設定!$I:$I,設定!$D:$D,"男",設定!$E:$E,">=16",設定!$E:$E,"<35",設定!$F:$F,"その他７か月未満") -> 0 | U38: =SUMIFS(設定!$I:$I,設定!$D:$D,"男",設定!$E:$E,">=16",設定!$E:$E,"<35",設定!$F:$F,"正社員７か月以上")+SUMIFS(設定!$I:$I,設定!$D:$D,"男",設定!$E:$E,">=16",設定!$E:$E,"<35",設定!$F:$F,"その他７か月以上") -> 0
D39: 35～44 | K39: =SUMIFS(設定!$I:$I,設定!$D:$D,"男",設定!$E:$E,">=35",設定!$E:$E,"<45",設定!$F:$F,"有給役員") -> 0 | P39: =SUMIFS(設定!$I:$I,設定!$D:$D,"男",設定!$E:$E,">=35",設定!$E:$E,"<45",設定!$F:$F,"正社員７か月以上")+SUMIFS(設定!$I:$I,設定!$D:$D,"男",設定!$E:$E,">=35",設定!$E:$E,"<45",設定!$F:$F,"正社員７か月未満")+SUMIFS(設定!$I:$I,設定!$D:$D,"男",設定!$E:$E,">=35",設定!$E:$E,"<45",設定!$F:$F,"その他７か月以上")+SUMIFS(設定!$I:$I,設定!$D:$D,"男",設定!$E:$E,">=35",設定!$E:$E,"<45",設定!$F:$F,"その他７か月未満") -> 0 | U39: =SUMIFS(設定!$I:$I,設定!$D:$D,"男",設定!$E:$E,">=35",設定!$E:$E,"<45",設定!$F:$F,"正社員７か月以上")+SUMIFS(設定!$I:$I,設定!$D:$D,"男",設定!$E:$E,">=35",設定!$E:$E,"<45",設定!$F:$F,"その他７か月以上") -> 0
D40: 45～49 | K40: =SUMIFS(設定!$I:$I,設定!$D:$D,"男",設定!$E:$E,">=45",設定!$E:$E,"<50",設定!$F:$F,"有給役員") -> 0 | P40: =SUMIFS(設定!$I:$I,設定!$D:$D,"男",設定!$E:$E,">=45",設定!$E:$E,"<50",設定!$F:$F,"正社員７か月以上")+SUMIFS(設定!$I:$I,設定!$D:$D,"男",設定!$E:$E,">=45",設定!$E:$E,"<50",設定!$F:$F,"正社員７か月未満")+SUMIFS(設定!$I:$I,設定!$D:$D,"男",設定!$E:$E,">=45",設定!$E:$E,"<50",設定!$F:$F,"その他７か月以上")+SUMIFS(設定!$I:$I,設定!$D:$D,"男",設定!$E:$E,">=45",設定!$E:$E,"<50",設定!$F:$F,"その他７か月未満") -> 0 | U40: =SUMIFS(設定!$I:$I,設定!$D:$D,"男",設定!$E:$E,">=45",設定!$E:$E,"<50",設定!$F:$F,"正社員７か月以上")+SUMIFS(設定!$I:$I,設定!$D:$D,"男",設定!$E:$E,">=45",設定!$E:$E,"<50",設定!$F:$F,"その他７か月以上") -> 0
D41: 50～59 | K41: =SUMIFS(設定!$I:$I,設定!$D:$D,"男",設定!$E:$E,">=50",設定!$E:$E,"<60",設定!$F:$F,"有給役員") -> 0 | P41: =SUMIFS(設定!$I:$I,設定!$D:$D,"男",設定!$E:$E,">=50",設定!$E:$E,"<60",設定!$F:$F,"正社員７か月以上")+SUMIFS(設定!$I:$I,設定!$D:$D,"男",設定!$E:$E,">=50",設定!$E:$E,"<60",設定!$F:$F,"正社員７か月未満")+SUMIFS(設定!$I:$I,設定!$D:$D,"男",設定!$E:$E,">=50",設定!$E:$E,"<60",設定!$F:$F,"その他７か月以上")+SUMIFS(設定!$I:$I,設定!$D:$D,"男",設定!$E:$E,">=50",設定!$E:$E,"<60",設定!$F:$F,"その他７か月未満") -> 0 | U41: =SUMIFS(設定!$I:$I,設定!$D:$D,"男",設定!$E:$E,">=50",設定!$E:$E,"<60",設定!$F:$F,"正社員７か月以上")+SUMIFS(設定!$I:$I,設定!$D:$D,"男",設定!$E:$E,">=50",設定!$E:$E,"<60",設定!$F:$F,"その他７か月以上") -> 0
D42: 60～64 | K42: =SUMIFS(設定!$I:$I,設定!$D:$D,"男",設定!$E:$E,">=60",設定!$E:$E,"<65",設定!$F:$F,"有給役員") -> 0 | P42: =SUMIFS(設定!$I:$I,設定!$D:$D,"男",設定!$E:$E,">=60",設定!$E:$E,"<65",設定!$F:$F,"正社員７か月以上")+SUMIFS(設定!$I:$I,設定!$D:$D,"男",設定!$E:$E,">=60",設定!$E:$E,"<65",設定!$F:$F,"正社員７か月未満")+SUMIFS(設定!$I:$I,設定!$D:$D,"男",設定!$E:$E,">=60",設定!$E:$E,"<65",設定!$F:$F,"その他７か月以上")+SUMIFS(設定!$I:$I,設定!$D:$D,"男",設定!$E:$E,">=60",設定!$E:$E,"<65",設定!$F:$F,"その他７か月未満") -> 0 | U42: =SUMIFS(設定!$I:$I,設定!$D:$D,"男",設定!$E:$E,">=60",設定!$E:$E,"<65",設定!$F:$F,"正社員７か月以上")+SUMIFS(設定!$I:$I,設定!$D:$D,"男",設定!$E:$E,">=60",設定!$E:$E,"<65",設定!$F:$F,"その他７か月以上") -> 0
D43: 65～69 | K43: =SUMIFS(設定!$I:$I,設定!$D:$D,"男",設定!$E:$E,">=65",設定!$E:$E,"<70",設定!$F:$F,"有給役員") -> 0 | P43: =SUMIFS(設定!$I:$I,設定!$D:$D,"男",設定!$E:$E,">=65",設定!$E:$E,"<70",設定!$F:$F,"正社員７か月以上")+SUMIFS(設定!$I:$I,設定!$D:$D,"男",設定!$E:$E,">=65",設定!$E:$E,"<70",設定!$F:$F,"正社員７か月未満")+SUMIFS(設定!$I:$I,設定!$D:$D,"男",設定!$E:$E,">=65",設定!$E:$E,"<70",設定!$F:$F,"その他７か月以上")+SUMIFS(設定!$I:$I,設定!$D:$D,"男",設定!$E:$E,">=65",設定!$E:$E,"<70",設定!$F:$F,"その他７か月未満") -> 0 | U43: =SUMIFS(設定!$I:$I,設定!$D:$D,"男",設定!$E:$E,">=65",設定!$E:$E,"<70",設定!$F:$F,"正社員７か月以上")+SUMIFS(設定!$I:$I,設定!$D:$D,"男",設定!$E:$E,">=65",設定!$E:$E,"<70",設定!$F:$F,"その他７か月以上") -> 0
D44: 70歳以上 | K44: =SUMIFS(設定!$I:$I,設定!$D:$D,"男",設定!$E:$E,">=70",設定!$E:$E,"<999",設定!$F:$F,"有給役員") -> 0 | P44: =SUMIFS(設定!$I:$I,設定!$D:$D,"男",設定!$E:$E,">=70",設定!$E:$E,"<999",設定!$F:$F,"正社員７か月以上")+SUMIFS(設定!$I:$I,設定!$D:$D,"男",設定!$E:$E,">=70",設定!$E:$E,"<999",設定!$F:$F,"正社員７か月未満")+SUMIFS(設定!$I:$I,設定!$D:$D,"男",設定!$E:$E,">=70",設定!$E:$E,"<999",設定!$F:$F,"その他７か月以上")+SUMIFS(設定!$I:$I,設定!$D:$D,"男",設定!$E:$E,">=70",設定!$E:$E,"<999",設定!$F:$F,"その他７か月未満") -> 0 | U44: =SUMIFS(設定!$I:$I,設定!$D:$D,"男",設定!$E:$E,">=70",設定!$E:$E,"<999",設定!$F:$F,"正社員７か月以上")+SUMIFS(設定!$I:$I,設定!$D:$D,"男",設定!$E:$E,">=70",設定!$E:$E,"<999",設定!$F:$F,"その他７か月以上") -> 0
B45: 女 | D45: 35歳未満 | K45: =SUMIFS(設定!$I:$I,設定!$D:$D,"女",設定!$E:$E,">=16",設定!$E:$E,"<35",設定!$F:$F,"有給役員") -> 0 | P45: =SUMIFS(設定!$I:$I,設定!$D:$D,"女",設定!$E:$E,">=16",設定!$E:$E,"<35",設定!$F:$F,"正社員７か月以上")+SUMIFS(設定!$I:$I,設定!$D:$D,"女",設定!$E:$E,">=16",設定!$E:$E,"<35",設定!$F:$F,"正社員７か月未満")+SUMIFS(設定!$I:$I,設定!$D:$D,"女",設定!$E:$E,">=16",設定!$E:$E,"<35",設定!$F:$F,"その他７か月以上")+SUMIFS(設定!$I:$I,設定!$D:$D,"女",設定!$E:$E,">=16",設定!$E:$E,"<35",設定!$F:$F,"その他７か月未満") -> 0 | U45: =SUMIFS(設定!$I:$I,設定!$D:$D,"女",設定!$E:$E,">=16",設定!$E:$E,"<35",設定!$F:$F,"正社員７か月以上")+SUMIFS(設定!$I:$I,設定!$D:$D,"女",設定!$E:$E,">=16",設定!$E:$E,"<35",設定!$F:$F,"その他７か月以上") -> 0
D46: 35～44 | K46: =SUMIFS(設定!$I:$I,設定!$D:$D,"女",設定!$E:$E,">=35",設定!$E:$E,"<45",設定!$F:$F,"有給役員") -> 0 | P46: =SUMIFS(設定!$I:$I,設定!$D:$D,"女",設定!$E:$E,">=35",設定!$E:$E,"<45",設定!$F:$F,"正社員７か月以上")+SUMIFS(設定!$I:$I,設定!$D:$D,"女",設定!$E:$E,">=35",設定!$E:$E,"<45",設定!$F:$F,"正社員７か月未満")+SUMIFS(設定!$I:$I,設定!$D:$D,"女",設定!$E:$E,">=35",設定!$E:$E,"<45",設定!$F:$F,"その他７か月以上")+SUMIFS(設定!$I:$I,設定!$D:$D,"女",設定!$E:$E,">=35",設定!$E:$E,"<45",設定!$F:$F,"その他７か月未満") -> 0 | U46: =SUMIFS(設定!$I:$I,設定!$D:$D,"女",設定!$E:$E,">=35",設定!$E:$E,"<45",設定!$F:$F,"正社員７か月以上")+SUMIFS(設定!$I:$I,設定!$D:$D,"女",設定!$E:$E,">=35",設定!$E:$E,"<45",設定!$F:$F,"その他７か月以上") -> 0
D47: 45～49 | K47: =SUMIFS(設定!$I:$I,設定!$D:$D,"女",設定!$E:$E,">=45",設定!$E:$E,"<50",設定!$F:$F,"有給役員") -> 0 | P47: =SUMIFS(設定!$I:$I,設定!$D:$D,"女",設定!$E:$E,">=45",設定!$E:$E,"<50",設定!$F:$F,"正社員７か月以上")+SUMIFS(設定!$I:$I,設定!$D:$D,"女",設定!$E:$E,">=45",設定!$E:$E,"<50",設定!$F:$F,"正社員７か月未満")+SUMIFS(設定!$I:$I,設定!$D:$D,"女",設定!$E:$E,">=45",設定!$E:$E,"<50",設定!$F:$F,"その他７か月以上")+SUMIFS(設定!$I:$I,設定!$D:$D,"女",設定!$E:$E,">=45",設定!$E:$E,"<50",設定!$F:$F,"その他７か月未満") -> 0 | U47: =SUMIFS(設定!$I:$I,設定!$D:$D,"女",設定!$E:$E,">=45",設定!$E:$E,"<50",設定!$F:$F,"正社員７か月以上")+SUMIFS(設定!$I:$I,設定!$D:$D,"女",設定!$E:$E,">=45",設定!$E:$E,"<50",設定!$F:$F,"その他７か月以上") -> 0
D48: 50～59 | K48: =SUMIFS(設定!$I:$I,設定!$D:$D,"女",設定!$E:$E,">=50",設定!$E:$E,"<60",設定!$F:$F,"有給役員") -> 0 | P48: =SUMIFS(設定!$I:$I,設定!$D:$D,"女",設定!$E:$E,">=50",設定!$E:$E,"<60",設定!$F:$F,"正社員７か月以上")+SUMIFS(設定!$I:$I,設定!$D:$D,"女",設定!$E:$E,">=50",設定!$E:$E,"<60",設定!$F:$F,"正社員７か月未満")+SUMIFS(設定!$I:$I,設定!$D:$D,"女",設定!$E:$E,">=50",設定!$E:$E,"<60",設定!$F:$F,"その他７か月以上")+SUMIFS(設定!$I:$I,設定!$D:$D,"女",設定!$E:$E,">=50",設定!$E:$E,"<60",設定!$F:$F,"その他７か月未満") -> 0 | U48: =SUMIFS(設定!$I:$I,設定!$D:$D,"女",設定!$E:$E,">=50",設定!$E:$E,"<60",設定!$F:$F,"正社員７か月以上")+SUMIFS(設定!$I:$I,設定!$D:$D,"女",設定!$E:$E,">=50",設定!$E:$E,"<60",設定!$F:$F,"その他７か月以上") -> 0
D49: 60～64 | K49: =SUMIFS(設定!$I:$I,設定!$D:$D,"女",設定!$E:$E,">=60",設定!$E:$E,"<65",設定!$F:$F,"有給役員") -> 0 | P49: =SUMIFS(設定!$I:$I,設定!$D:$D,"女",設定!$E:$E,">=60",設定!$E:$E,"<65",設定!$F:$F,"正社員７か月以上")+SUMIFS(設定!$I:$I,設定!$D:$D,"女",設定!$E:$E,">=60",設定!$E:$E,"<65",設定!$F:$F,"正社員７か月未満")+SUMIFS(設定!$I:$I,設定!$D:$D,"女",設定!$E:$E,">=60",設定!$E:$E,"<65",設定!$F:$F,"その他７か月以上")+SUMIFS(設定!$I:$I,設定!$D:$D,"女",設定!$E:$E,">=60",設定!$E:$E,"<65",設定!$F:$F,"その他７か月未満") -> 0 | U49: =SUMIFS(設定!$I:$I,設定!$D:$D,"女",設定!$E:$E,">=60",設定!$E:$E,"<65",設定!$F:$F,"正社員７か月以上")+SUMIFS(設定!$I:$I,設定!$D:$D,"女",設定!$E:$E,">=60",設定!$E:$E,"<65",設定!$F:$F,"その他７か月以上") -> 0
D50: 65～69 | K50: =SUMIFS(設定!$I:$I,設定!$D:$D,"女",設定!$E:$E,">=65",設定!$E:$E,"<70",設定!$F:$F,"有給役員") -> 0 | P50: =SUMIFS(設定!$I:$I,設定!$D:$D,"女",設定!$E:$E,">=65",設定!$E:$E,"<70",設定!$F:$F,"正社員７か月以上")+SUMIFS(設定!$I:$I,設定!$D:$D,"女",設定!$E:$E,">=65",設定!$E:$E,"<70",設定!$F:$F,"正社員７か月未満")+SUMIFS(設定!$I:$I,設定!$D:$D,"女",設定!$E:$E,">=65",設定!$E:$E,"<70",設定!$F:$F,"その他７か月以上")+SUMIFS(設定!$I:$I,設定!$D:$D,"女",設定!$E:$E,">=65",設定!$E:$E,"<70",設定!$F:$F,"その他７か月未満") -> 0 | U50: =SUMIFS(設定!$I:$I,設定!$D:$D,"女",設定!$E:$E,">=65",設定!$E:$E,"<70",設定!$F:$F,"正社員７か月以上")+SUMIFS(設定!$I:$I,設定!$D:$D,"女",設定!$E:$E,">=65",設定!$E:$E,"<70",設定!$F:$F,"その他７か月以上") -> 0
D51: 70歳以上 | K51: =SUMIFS(設定!$I:$I,設定!$D:$D,"女",設定!$E:$E,">=70",設定!$E:$E,"<999",設定!$F:$F,"有給役員") -> 0 | P51: =SUMIFS(設定!$I:$I,設定!$D:$D,"女",設定!$E:$E,">=70",設定!$E:$E,"<999",設定!$F:$F,"正社員７か月以上")+SUMIFS(設定!$I:$I,設定!$D:$D,"女",設定!$E:$E,">=70",設定!$E:$E,"<999",設定!$F:$F,"正社員７か月未満")+SUMIFS(設定!$I:$I,設定!$D:$D,"女",設定!$E:$E,">=70",設定!$E:$E,"<999",設定!$F:$F,"その他７か月以上")+SUMIFS(設定!$I:$I,設定!$D:$D,"女",設定!$E:$E,">=70",設定!$E:$E,"<999",設定!$F:$F,"その他７か月未満") -> 0 | U51: =SUMIFS(設定!$I:$I,設定!$D:$D,"女",設定!$E:$E,">=70",設定!$E:$E,"<999",設定!$F:$F,"正社員７か月以上")+SUMIFS(設定!$I:$I,設定!$D:$D,"女",設定!$E:$E,">=70",設定!$E:$E,"<999",設定!$F:$F,"その他７か月以上") -> 0

Sheet リスト 
A1: 作業
A2: 農業生産
A3: 販売及び一般管理（農業）
A4: 受託（農業）
A5: 農業生産関連事業
A6: その他事業
