Workbook
Name 建築物コード: #REF!
Name 建物コード: #REF!
Name 構造コード: #REF!
Name 構築物コード: #REF!
Name 残存割合: #REF!
Name 指定品目名: 設定!$F$3
Name 自動車コード: #REF!
Name 償却率: [1]種類・構造・型式・牛馬コード!$AH$4:$AI$103
Name 新古_修繕区分: #REF!
Name 生産費: #REF!
Name 生産費区分: #REF!
Name 税制19年: #REF!
Name 税制20年: #REF!
Name 耐用年数: [1]種類・構造・型式・牛馬コード!$Y$1:$AF$322
Name 調査始期: #REF!
Name 調査年: '[1]表紙 (新)'!$G$66
Name 農機具コード: #REF!

Sheet 設定
C1: 営農類型別経営統計（個人経営体） 設定シート
C2: 2020センサス番号 <入力> | F2: 指定品目名
C5: 設定 | G5: 集計 <自動>
B6: 集計月 | C6: 作業者 | D6: 性別 | E6: 年齢 | F6: 雇用形態 | G6: 農業
H7: 農業生産
B9: <選択> | C9: <入力> | D9: <選択> | E9: <入力> | F9: <選択> | I9: 農業労働 | J9: 指定品目 | K9: 種子予措・育苗 | L9: 耕うん・施肥（基肥・追肥） | M9: は種・定植整枝・せん定 | N9: 除草・防除 | O9: 授粉・摘果 | P9: 生育管理 | Q9: 収穫・調製 | R9: 包装・荷造り | S9: 搬出・出荷・販売 | T9: 経営管理・間接労働 | U9: 指定品目以外作物の農業労働 | V9: 農作業受託 | W9: 農業生産関連事業
G10: 時間 | K10: 時間 | L10: 時間 | M10: 時間 | N10: 時間 | O10: 時間 | P10: 時間 | Q10: 時間 | R10: 時間 | S10: 時間 | T10: 時間 | U10: 時間 | V10: 時間 | W10: 時間
B11: <=12 | G11: =SUM(H11,V11) -> 0 | H11: =SUM(I11,J11,U11) -> 0 | I11: =ROUND(SUMIFS(月別入力!$J:$J,月別入力!$F:$F,設定!$C11,月別入力!$D:$D,設定!I$9,月別入力!$B:$B,設定!$B11),0) -> 0 | J11: =SUM(K11:T11) -> 0 | K11: =ROUND(SUMIFS(月別入力!$J:$J,月別入力!$F:$F,設定!$C11,月別入力!$D:$D,設定!K$9,月別入力!$B:$B,設定!$B11),0) -> 0 | L11: =ROUND(SUMIFS(月別入力!$J:$J,月別入力!$F:$F,設定!$C11,月別入力!$D:$D,設定!L$9,月別入力!$B:$B,設定!$B11),0) -> 0 | M11: =ROUND(SUMIFS(月別入力!$J:$J,月別入力!$F:$F,設定!$C11,月別入力!$D:$D,設定!M$9,月別入力!$B:$B,設定!$B11),0) -> 0 | N11: =ROUND(SUMIFS(月別入力!$J:$J,月別入力!$F:$F,設定!$C11,月別入力!$D:$D,設定!N$9,月別入力!$B:$B,設定!$B11),0) -> 0 | O11: =ROUND(SUMIFS(月別入力!$J:$J,月別入力!$F:$F,設定!$C11,月別入力!$D:$D,設定!O$9,月別入力!$B:$B,設定!$B11),0) -> 0 | P11: =ROUND(SUMIFS(月別入力!$J:$J,月別入力!$F:$F,設定!$C11,月別入力!$D:$D,設定!P$9,月別入力!$B:$B,設定!$B11),0) -> 0 | Q11: =ROUND(SUMIFS(月別入力!$J:$J,月別入力!$F:$F,設定!$C11,月別入力!$D:$D,設定!Q$9,月別入力!$B:$B,設定!$B11),0) -> 0 | R11: =ROUND(SUMIFS(月別入力!$J:$J,月別入力!$F:$F,設定!$C11,月別入力!$D:$D,設定!R$9,月別入力!$B:$B,設定!$B11),0) -> 0 | ... W11: =ROUND(SUMIFS(月別入力!$J:$J,月別入力!$F:$F,設定!$C11,月別入力!$D:$D,設定!W$9,月別入力!$B:$B,設定!$B11),0) -> 0
B12: =B$11 -> <=12 | G12: =SUM(H12,V12) -> 0 | H12: =SUM(I12,J12,U12) -> 0 | I12: =ROUND(SUMIFS(月別入力!$J:$J,月別入力!$F:$F,設定!$C12,月別入力!$D:$D,設定!I$9,月別入力!$B:$B,設定!$B12),0) -> 0 | J12: =SUM(K12:T12) -> 0 | K12: =ROUND(SUMIFS(月別入力!$J:$J,月別入力!$F:$F,設定!$C12,月別入力!$D:$D,設定!K$9,月別入力!$B:$B,設定!$B12),0) -> 0 | L12: =ROUND(SUMIFS(月別入力!$J:$J,月別入力!$F:$F,設定!$C12,月別入力!$D:$D,設定!L$9,月別入力!$B:$B,設定!$B12),0) -> 0 | M12: =ROUND(SUMIFS(月別入力!$J:$J,月別入力!$F:$F,設定!$C12,月別入力!$D:$D,設定!M$9,月別入力!$B:$B,設定!$B12),0) -> 0 | N12: =ROUND(SUMIFS(月別入力!$J:$J,月別入力!$F:$F,設定!$C12,月別入力!$D:$D,設定!N$9,月別入力!$B:$B,設定!$B12),0) -> 0 | O12: =ROUND(SUMIFS(月別入力!$J:$J,月別入力!$F:$F,設定!$C12,月別入力!$D:$D,設定!O$9,月別入力!$B:$B,設定!$B12),0) -> 0 | P12: =ROUND(SUMIFS(月別入力!$J:$J,月別入力!$F:$F,設定!$C12,月別入力!$D:$D,設定!P$9,月別入力!$B:$B,設定!$B12),0) -> 0 | Q12: =ROUND(SUMIFS(月別入力!$J:$J,月別入力!$F:$F,設定!$C12,月別入力!$D:$D,設定!Q$9,月別入力!$B:$B,設定!$B12),0) -> 0 | R12: =ROUND(SUMIFS(月別入力!$J:$J,月別入力!$F:$F,設定!$C12,月別入力!$D:$D,設定!R$9,月別入力!$B:$B,設定!$B12),0) -> 0 | ... W12: =ROUND(SUMIFS(月別入力!$J:$J,月別入力!$F:$F,設定!$C12,月別入力!$D:$D,設定!W$9,月別入力!$B:$B,設定!$B12),0) -> 0
B13: =B$11 -> <=12 | G13: =SUM(H13,V13) -> 0 | H13: =SUM(I13,J13,U13) -> 0 | I13: =ROUND(SUMIFS(月別入力!$J:$J,月別入力!$F:$F,設定!$C13,月別入力!$D:$D,設定!I$9,月別入力!$B:$B,設定!$B13),0) -> 0 | J13: =SUM(K13:T13) -> 0 | K13: =ROUND(SUMIFS(月別入力!$J:$J,月別入力!$F:$F,設定!$C13,月別入力!$D:$D,設定!K$9,月別入力!$B:$B,設定!$B13),0) -> 0 | L13: =ROUND(SUMIFS(月別入力!$J:$J,月別入力!$F:$F,設定!$C13,月別入力!$D:$D,設定!L$9,月別入力!$B:$B,設定!$B13),0) -> 0 | M13: =ROUND(SUMIFS(月別入力!$J:$J,月別入力!$F:$F,設定!$C13,月別入力!$D:$D,設定!M$9,月別入力!$B:$B,設定!$B13),0) -> 0 | N13: =ROUND(SUMIFS(月別入力!$J:$J,月別入力!$F:$F,設定!$C13,月別入力!$D:$D,設定!N$9,月別入力!$B:$B,設定!$B13),0) -> 0 | O13: =ROUND(SUMIFS(月別入力!$J:$J,月別入力!$F:$F,設定!$C13,月別入力!$D:$D,設定!O$9,月別入力!$B:$B,設定!$B13),0) -> 0 | P13: =ROUND(SUMIFS(月別入力!$J:$J,月別入力!$F:$F,設定!$C13,月別入力!$D:$D,設定!P$9,月別入力!$B:$B,設定!$B13),0) -> 0 | Q13: =ROUND(SUMIFS(月別入力!$J:$J,月別入力!$F:$F,設定!$C13,月別入力!$D:$D,設定!Q$9,月別入力!$B:$B,設定!$B13),0) -> 0 | R13: =ROUND(SUMIFS(月別入力!$J:$J,月別入力!$F:$F,設定!$C13,月別入力!$D:$D,設定!R$9,月別入力!$B:$B,設定!$B13),0) -> 0 | ... W13: =ROUND(SUMIFS(月別入力!$J:$J,月別入力!$F:$F,設定!$C13,月別入力!$D:$D,設定!W$9,月別入力!$B:$B,設定!$B13),0) -> 0
B14: =B$11 -> <=12 | G14: =SUM(H14,V14) -> 0 | H14: =SUM(I14,J14,U14) -> 0 | I14: =ROUND(SUMIFS(月別入力!$J:$J,月別入力!$F:$F,設定!$C14,月別入力!$D:$D,設定!I$9,月別入力!$B:$B,設定!$B14),0) -> 0 | J14: =SUM(K14:T14) -> 0 | K14: =ROUND(SUMIFS(月別入力!$J:$J,月別入力!$F:$F,設定!$C14,月別入力!$D:$D,設定!K$9,月別入力!$B:$B,設定!$B14),0) -> 0 | L14: =ROUND(SUMIFS(月別入力!$J:$J,月別入力!$F:$F,設定!$C14,月別入力!$D:$D,設定!L$9,月別入力!$B:$B,設定!$B14),0) -> 0 | M14: =ROUND(SUMIFS(月別入力!$J:$J,月別入力!$F:$F,設定!$C14,月別入力!$D:$D,設定!M$9,月別入力!$B:$B,設定!$B14),0) -> 0 | N14: =ROUND(SUMIFS(月別入力!$J:$J,月別入力!$F:$F,設定!$C14,月別入力!$D:$D,設定!N$9,月別入力!$B:$B,設定!$B14),0) -> 0 | O14: =ROUND(SUMIFS(月別入力!$J:$J,月別入力!$F:$F,設定!$C14,月別入力!$D:$D,設定!O$9,月別入力!$B:$B,設定!$B14),0) -> 0 | P14: =ROUND(SUMIFS(月別入力!$J:$J,月別入力!$F:$F,設定!$C14,月別入力!$D:$D,設定!P$9,月別入力!$B:$B,設定!$B14),0) -> 0 | Q14: =ROUND(SUMIFS(月別入力!$J:$J,月別入力!$F:$F,設定!$C14,月別入力!$D:$D,設定!Q$9,月別入力!$B:$B,設定!$B14),0) -> 0 | R14: =ROUND(SUMIFS(月別入力!$J:$J,月別入力!$F:$F,設定!$C14,月別入力!$D:$D,設定!R$9,月別入力!$B:$B,設定!$B14),0) -> 0 | ... W14: =ROUND(SUMIFS(月別入力!$J:$J,月別入力!$F:$F,設定!$C14,月別入力!$D:$D,設定!W$9,月別入力!$B:$B,設定!$B14),0) -> 0
B15: =B$11 -> <=12 | G15: =SUM(H15,V15) -> 0 | H15: =SUM(I15,J15,U15) -> 0 | I15: =ROUND(SUMIFS(月別入力!$J:$J,月別入力!$F:$F,設定!$C15,月別入力!$D:$D,設定!I$9,月別入力!$B:$B,設定!$B15),0) -> 0 | J15: =SUM(K15:T15) -> 0 | K15: =ROUND(SUMIFS(月別入力!$J:$J,月別入力!$F:$F,設定!$C15,月別入力!$D:$D,設定!K$9,月別入力!$B:$B,設定!$B15),0) -> 0 | L15: =ROUND(SUMIFS(月別入力!$J:$J,月別入力!$F:$F,設定!$C15,月別入力!$D:$D,設定!L$9,月別入力!$B:$B,設定!$B15),0) -> 0 | M15: =ROUND(SUMIFS(月別入力!$J:$J,月別入力!$F:$F,設定!$C15,月別入力!$D:$D,設定!M$9,月別入力!$B:$B,設定!$B15),0) -> 0 | N15: =ROUND(SUMIFS(月別入力!$J:$J,月別入力!$F:$F,設定!$C15,月別入力!$D:$D,設定!N$9,月別入力!$B:$B,設定!$B15),0) -> 0 | O15: =ROUND(SUMIFS(月別入力!$J:$J,月別入力!$F:$F,設定!$C15,月別入力!$D:$D,設定!O$9,月別入力!$B:$B,設定!$B15),0) -> 0 | P15: =ROUND(SUMIFS(月別入力!$J:$J,月別入力!$F:$F,設定!$C15,月別入力!$D:$D,設定!P$9,月別入力!$B:$B,設定!$B15),0) -> 0 | Q15: =ROUND(SUMIFS(月別入力!$J:$J,月別入力!$F:$F,設定!$C15,月別入力!$D:$D,設定!Q$9,月別入力!$B:$B,設定!$B15),0) -> 0 | R15: =ROUND(SUMIFS(月別入力!$J:$J,月別入力!$F:$F,設定!$C15,月別入力!$D:$D,設定!R$9,月別入力!$B:$B,設定!$B15),0) -> 0 | ... W15: =ROUND(SUMIFS(月別入力!$J:$J,月別入力!$F:$F,設定!$C15,月別入力!$D:$D,設定!W$9,月別入力!$B:$B,設定!$B15),0) -> 0
B16: =B$11 -> <=12 | G16: =SUM(H16,V16) -> 0 | H16: =SUM(I16,J16,U16) -> 0 | I16: =ROUND(SUMIFS(月別入力!$J:$J,月別入力!$F:$F,設定!$C16,月別入力!$D:$D,設定!I$9,月別入力!$B:$B,設定!$B16),0) -> 0 | J16: =SUM(K16:T16) -> 0 | K16: =ROUND(SUMIFS(月別入力!$J:$J,月別入力!$F:$F,設定!$C16,月別入力!$D:$D,設定!K$9,月別入力!$B:$B,設定!$B16),0) -> 0 | L16: =ROUND(SUMIFS(月別入力!$J:$J,月別入力!$F:$F,設定!$C16,月別入力!$D:$D,設定!L$9,月別入力!$B:$B,設定!$B16),0) -> 0 | M16: =ROUND(SUMIFS(月別入力!$J:$J,月別入力!$F:$F,設定!$C16,月別入力!$D:$D,設定!M$9,月別入力!$B:$B,設定!$B16),0) -> 0 | N16: =ROUND(SUMIFS(月別入力!$J:$J,月別入力!$F:$F,設定!$C16,月別入力!$D:$D,設定!N$9,月別入力!$B:$B,設定!$B16),0) -> 0 | O16: =ROUND(SUMIFS(月別入力!$J:$J,月別入力!$F:$F,設定!$C16,月別入力!$D:$D,設定!O$9,月別入力!$B:$B,設定!$B16),0) -> 0 | P16: =ROUND(SUMIFS(月別入力!$J:$J,月別入力!$F:$F,設定!$C16,月別入力!$D:$D,設定!P$9,月別入力!$B:$B,設定!$B16),0) -> 0 | Q16: =ROUND(SUMIFS(月別入力!$J:$J,月別入力!$F:$F,設定!$C16,月別入力!$D:$D,設定!Q$9,月別入力!$B:$B,設定!$B16),0) -> 0 | R16: =ROUND(SUMIFS(月別入力!$J:$J,月別入力!$F:$F,設定!$C16,月別入力!$D:$D,設定!R$9,月別入力!$B:$B,設定!$B16),0) -> 0 | ... W16: =ROUND(SUMIFS(月別入力!$J:$J,月別入力!$F:$F,設定!$C16,月別入力!$D:$D,設定!W$9,月別入力!$B:$B,設定!$B16),0) -> 0
B17: =B$11 -> <=12 | G17: =SUM(H17,V17) -> 0 | H17: =SUM(I17,J17,U17) -> 0 | I17: =ROUND(SUMIFS(月別入力!$J:$J,月別入力!$F:$F,設定!$C17,月別入力!$D:$D,設定!I$9,月別入力!$B:$B,設定!$B17),0) -> 0 | J17: =SUM(K17:T17) -> 0 | K17: =ROUND(SUMIFS(月別入力!$J:$J,月別入力!$F:$F,設定!$C17,月別入力!$D:$D,設定!K$9,月別入力!$B:$B,設定!$B17),0) -> 0 | L17: =ROUND(SUMIFS(月別入力!$J:$J,月別入力!$F:$F,設定!$C17,月別入力!$D:$D,設定!L$9,月別入力!$B:$B,設定!$B17),0) -> 0 | M17: =ROUND(SUMIFS(月別入力!$J:$J,月別入力!$F:$F,設定!$C17,月別入力!$D:$D,設定!M$9,月別入力!$B:$B,設定!$B17),0) -> 0 | N17: =ROUND(SUMIFS(月別入力!$J:$J,月別入力!$F:$F,設定!$C17,月別入力!$D:$D,設定!N$9,月別入力!$B:$B,設定!$B17),0) -> 0 | O17: =ROUND(SUMIFS(月別入力!$J:$J,月別入力!$F:$F,設定!$C17,月別入力!$D:$D,設定!O$9,月別入力!$B:$B,設定!$B17),0) -> 0 | P17: =ROUND(SUMIFS(月別入力!$J:$J,月別入力!$F:$F,設定!$C17,月別入力!$D:$D,設定!P$9,月別入力!$B:$B,設定!$B17),0) -> 0 | Q17: =ROUND(SUMIFS(月別入力!$J:$J,月別入力!$F:$F,設定!$C17,月別入力!$D:$D,設定!Q$9,月別入力!$B:$B,設定!$B17),0) -> 0 | R17: =ROUND(SUMIFS(月別入力!$J:$J,月別入力!$F:$F,設定!$C17,月別入力!$D:$D,設定!R$9,月別入力!$B:$B,設定!$B17),0) -> 0 | ... W17: =ROUND(SUMIFS(月別入力!$J:$J,月別入力!$F:$F,設定!$C17,月別入力!$D:$D,設定!W$9,月別入力!$B:$B,設定!$B17),0) -> 0
B18: =B$11 -> <=12 | G18: =SUM(H18,V18) -> 0 | H18: =SUM(I18,J18,U18) -> 0 | I18: =ROUND(SUMIFS(月別入力!$J:$J,月別入力!$F:$F,設定!$C18,月別入力!$D:$D,設定!I$9,月別入力!$B:$B,設定!$B18),0) -> 0 | J18: =SUM(K18:T18) -> 0 | K18: =ROUND(SUMIFS(月別入力!$J:$J,月別入力!$F:$F,設定!$C18,月別入力!$D:$D,設定!K$9,月別入力!$B:$B,設定!$B18),0) -> 0 | L18: =ROUND(SUMIFS(月別入力!$J:$J,月別入力!$F:$F,設定!$C18,月別入力!$D:$D,設定!L$9,月別入力!$B:$B,設定!$B18),0) -> 0 | M18: =ROUND(SUMIFS(月別入力!$J:$J,月別入力!$F:$F,設定!$C18,月別入力!$D:$D,設定!M$9,月別入力!$B:$B,設定!$B18),0) -> 0 | N18: =ROUND(SUMIFS(月別入力!$J:$J,月別入力!$F:$F,設定!$C18,月別入力!$D:$D,設定!N$9,月別入力!$B:$B,設定!$B18),0) -> 0 | O18: =ROUND(SUMIFS(月別入力!$J:$J,月別入力!$F:$F,設定!$C18,月別入力!$D:$D,設定!O$9,月別入力!$B:$B,設定!$B18),0) -> 0 | P18: =ROUND(SUMIFS(月別入力!$J:$J,月別入力!$F:$F,設定!$C18,月別入力!$D:$D,設定!P$9,月別入力!$B:$B,設定!$B18),0) -> 0 | Q18: =ROUND(SUMIFS(月別入力!$J:$J,月別入力!$F:$F,設定!$C18,月別入力!$D:$D,設定!Q$9,月別入力!$B:$B,設定!$B18),0) -> 0 | R18: =ROUND(SUMIFS(月別入力!$J:$J,月別入力!$F:$F,設定!$C18,月別入力!$D:$D,設定!R$9,月別入力!$B:$B,設定!$B18),0) -> 0 | ... W18: =ROUND(SUMIFS(月別入力!$J:$J,月別入力!$F:$F,設定!$C18,月別入力!$D:$D,設定!W$9,月別入力!$B:$B,設定!$B18),0) -> 0
B19: =B$11 -> <=12 | G19: =SUM(H19,V19) -> 0 | H19: =SUM(I19,J19,U19) -> 0 | I19: =ROUND(SUMIFS(月別入力!$J:$J,月別入力!$F:$F,設定!$C19,月別入力!$D:$D,設定!I$9,月別入力!$B:$B,設定!$B19),0) -> 0 | J19: =SUM(K19:T19) -> 0 | K19: =ROUND(SUMIFS(月別入力!$J:$J,月別入力!$F:$F,設定!$C19,月別入力!$D:$D,設定!K$9,月別入力!$B:$B,設定!$B19),0) -> 0 | L19: =ROUND(SUMIFS(月別入力!$J:$J,月別入力!$F:$F,設定!$C19,月別入力!$D:$D,設定!L$9,月別入力!$B:$B,設定!$B19),0) -> 0 | M19: =ROUND(SUMIFS(月別入力!$J:$J,月別入力!$F:$F,設定!$C19,月別入力!$D:$D,設定!M$9,月別入力!$B:$B,設定!$B19),0) -> 0 | N19: =ROUND(SUMIFS(月別入力!$J:$J,月別入力!$F:$F,設定!$C19,月別入力!$D:$D,設定!N$9,月別入力!$B:$B,設定!$B19),0) -> 0 | O19: =ROUND(SUMIFS(月別入力!$J:$J,月別入力!$F:$F,設定!$C19,月別入力!$D:$D,設定!O$9,月別入力!$B:$B,設定!$B19),0) -> 0 | P19: =ROUND(SUMIFS(月別入力!$J:$J,月別入力!$F:$F,設定!$C19,月別入力!$D:$D,設定!P$9,月別入力!$B:$B,設定!$B19),0) -> 0 | Q19: =ROUND(SUMIFS(月別入力!$J:$J,月別入力!$F:$F,設定!$C19,月別入力!$D:$D,設定!Q$9,月別入力!$B:$B,設定!$B19),0) -> 0 | R19: =ROUND(SUMIFS(月別入力!$J:$J,月別入力!$F:$F,設定!$C19,月別入力!$D:$D,設定!R$9,月別入力!$B:$B,設定!$B19),0) -> 0 | ... W19: =ROUND(SUMIFS(月別入力!$J:$J,月別入力!$F:$F,設定!$C19,月別入力!$D:$D,設定!W$9,月別入力!$B:$B,設定!$B19),0) -> 0
B20: =B$11 -> <=12 | G20: =SUM(H20,V20) -> 0 | H20: =SUM(I20,J20,U20) -> 0 | I20: =ROUND(SUMIFS(月別入力!$J:$J,月別入力!$F:$F,設定!$C20,月別入力!$D:$D,設定!I$9,月別入力!$B:$B,設定!$B20),0) -> 0 | J20: =SUM(K20:T20) -> 0 | K20: =ROUND(SUMIFS(月別入力!$J:$J,月別入力!$F:$F,設定!$C20,月別入力!$D:$D,設定!K$9,月別入力!$B:$B,設定!$B20),0) -> 0 | L20: =ROUND(SUMIFS(月別入力!$J:$J,月別入力!$F:$F,設定!$C20,月別入力!$D:$D,設定!L$9,月別入力!$B:$B,設定!$B20),0) -> 0 | M20: =ROUND(SUMIFS(月別入力!$J:$J,月別入力!$F:$F,設定!$C20,月別入力!$D:$D,設定!M$9,月別入力!$B:$B,設定!$B20),0) -> 0 | N20: =ROUND(SUMIFS(月別入力!$J:$J,月別入力!$F:$F,設定!$C20,月別入力!$D:$D,設定!N$9,月別入力!$B:$B,設定!$B20),0) -> 0 | O20: =ROUND(SUMIFS(月別入力!$J:$J,月別入力!$F:$F,設定!$C20,月別入力!$D:$D,設定!O$9,月別入力!$B:$B,設定!$B20),0) -> 0 | P20: =ROUND(SUMIFS(月別入力!$J:$J,月別入力!$F:$F,設定!$C20,月別入力!$D:$D,設定!P$9,月別入力!$B:$B,設定!$B20),0) -> 0 | Q20: =ROUND(SUMIFS(月別入力!$J:$J,月別入力!$F:$F,設定!$C20,月別入力!$D:$D,設定!Q$9,月別入力!$B:$B,設定!$B20),0) -> 0 | R20: =ROUND(SUMIFS(月別入力!$J:$J,月別入力!$F:$F,設定!$C20,月別入力!$D:$D,設定!R$9,月別入力!$B:$B,設定!$B20),0) -> 0 | ... W20: =ROUND(SUMIFS(月別入力!$J:$J,月別入力!$F:$F,設定!$C20,月別入力!$D:$D,設定!W$9,月別入力!$B:$B,設定!$B20),0) -> 0
B21: =B$11 -> <=12 | G21: =SUM(H21,V21) -> 0 | H21: =SUM(I21,J21,U21) -> 0 | I21: =ROUND(SUMIFS(月別入力!$J:$J,月別入力!$F:$F,設定!$C21,月別入力!$D:$D,設定!I$9,月別入力!$B:$B,設定!$B21),0) -> 0 | J21: =SUM(K21:T21) -> 0 | K21: =ROUND(SUMIFS(月別入力!$J:$J,月別入力!$F:$F,設定!$C21,月別入力!$D:$D,設定!K$9,月別入力!$B:$B,設定!$B21),0) -> 0 | L21: =ROUND(SUMIFS(月別入力!$J:$J,月別入力!$F:$F,設定!$C21,月別入力!$D:$D,設定!L$9,月別入力!$B:$B,設定!$B21),0) -> 0 | M21: =ROUND(SUMIFS(月別入力!$J:$J,月別入力!$F:$F,設定!$C21,月別入力!$D:$D,設定!M$9,月別入力!$B:$B,設定!$B21),0) -> 0 | N21: =ROUND(SUMIFS(月別入力!$J:$J,月別入力!$F:$F,設定!$C21,月別入力!$D:$D,設定!N$9,月別入力!$B:$B,設定!$B21),0) -> 0 | O21: =ROUND(SUMIFS(月別入力!$J:$J,月別入力!$F:$F,設定!$C21,月別入力!$D:$D,設定!O$9,月別入力!$B:$B,設定!$B21),0) -> 0 | P21: =ROUND(SUMIFS(月別入力!$J:$J,月別入力!$F:$F,設定!$C21,月別入力!$D:$D,設定!P$9,月別入力!$B:$B,設定!$B21),0) -> 0 | Q21: =ROUND(SUMIFS(月別入力!$J:$J,月別入力!$F:$F,設定!$C21,月別入力!$D:$D,設定!Q$9,月別入力!$B:$B,設定!$B21),0) -> 0 | R21: =ROUND(SUMIFS(月別入力!$J:$J,月別入力!$F:$F,設定!$C21,月別入力!$D:$D,設定!R$9,月別入力!$B:$B,設定!$B21),0) -> 0 | ... W21: =ROUND(SUMIFS(月別入力!$J:$J,月別入力!$F:$F,設定!$C21,月別入力!$D:$D,設定!W$9,月別入力!$B:$B,設定!$B21),0) -> 0
B22: =B$11 -> <=12 | G22: =SUM(H22,V22) -> 0 | H22: =SUM(I22,J22,U22) -> 0 | I22: =ROUND(SUMIFS(月別入力!$J:$J,月別入力!$F:$F,設定!$C22,月別入力!$D:$D,設定!I$9,月別入力!$B:$B,設定!$B22),0) -> 0 | J22: =SUM(K22:T22) -> 0 | K22: =ROUND(SUMIFS(月別入力!$J:$J,月別入力!$F:$F,設定!$C22,月別入力!$D:$D,設定!K$9,月別入力!$B:$B,設定!$B22),0) -> 0 | L22: =ROUND(SUMIFS(月別入力!$J:$J,月別入力!$F:$F,設定!$C22,月別入力!$D:$D,設定!L$9,月別入力!$B:$B,設定!$B22),0) -> 0 | M22: =ROUND(SUMIFS(月別入力!$J:$J,月別入力!$F:$F,設定!$C22,月別入力!$D:$D,設定!M$9,月別入力!$B:$B,設定!$B22),0) -> 0 | N22: =ROUND(SUMIFS(月別入力!$J:$J,月別入力!$F:$F,設定!$C22,月別入力!$D:$D,設定!N$9,月別入力!$B:$B,設定!$B22),0) -> 0 | O22: =ROUND(SUMIFS(月別入力!$J:$J,月別入力!$F:$F,設定!$C22,月別入力!$D:$D,設定!O$9,月別入力!$B:$B,設定!$B22),0) -> 0 | P22: =ROUND(SUMIFS(月別入力!$J:$J,月別入力!$F:$F,設定!$C22,月別入力!$D:$D,設定!P$9,月別入力!$B:$B,設定!$B22),0) -> 0 | Q22: =ROUND(SUMIFS(月別入力!$J:$J,月別入力!$F:$F,設定!$C22,月別入力!$D:$D,設定!Q$9,月別入力!$B:$B,設定!$B22),0) -> 0 | R22: =ROUND(SUMIFS(月別入力!$J:$J,月別入力!$F:$F,設定!$C22,月別入力!$D:$D,設定!R$9,月別入力!$B:$B,設定!$B22),0) -> 0 | ... W22: =ROUND(SUMIFS(月別入力!$J:$J,月別入力!$F:$F,設定!$C22,月別入力!$D:$D,設定!W$9,月別入力!$B:$B,設定!$B22),0) -> 0
B23: =B$11 -> <=12 | G23: =SUM(H23,V23) -> 0 | H23: =SUM(I23,J23,U23) -> 0 | I23: =ROUND(SUMIFS(月別入力!$J:$J,月別入力!$F:$F,設定!$C23,月別入力!$D:$D,設定!I$9,月別入力!$B:$B,設定!$B23),0) -> 0 | J23: =SUM(K23:T23) -> 0 | K23: =ROUND(SUMIFS(月別入力!$J:$J,月別入力!$F:$F,設定!$C23,月別入力!$D:$D,設定!K$9,月別入力!$B:$B,設定!$B23),0) -> 0 | L23: =ROUND(SUMIFS(月別入力!$J:$J,月別入力!$F:$F,設定!$C23,月別入力!$D:$D,設定!L$9,月別入力!$B:$B,設定!$B23),0) -> 0 | M23: =ROUND(SUMIFS(月別入力!$J:$J,月別入力!$F:$F,設定!$C23,月別入力!$D:$D,設定!M$9,月別入力!$B:$B,設定!$B23),0) -> 0 | N23: =ROUND(SUMIFS(月別入力!$J:$J,月別入力!$F:$F,設定!$C23,月別入力!$D:$D,設定!N$9,月別入力!$B:$B,設定!$B23),0) -> 0 | O23: =ROUND(SUMIFS(月別入力!$J:$J,月別入力!$F:$F,設定!$C23,月別入力!$D:$D,設定!O$9,月別入力!$B:$B,設定!$B23),0) -> 0 | P23: =ROUND(SUMIFS(月別入力!$J:$J,月別入力!$F:$F,設定!$C23,月別入力!$D:$D,設定!P$9,月別入力!$B:$B,設定!$B23),0) -> 0 | Q23: =ROUND(SUMIFS(月別入力!$J:$J,月別入力!$F:$F,設定!$C23,月別入力!$D:$D,設定!Q$9,月別入力!$B:$B,設定!$B23),0) -> 0 | R23: =ROUND(SUMIFS(月別入力!$J:$J,月別入力!$F:$F,設定!$C23,月別入力!$D:$D,設定!R$9,月別入力!$B:$B,設定!$B23),0) -> 0 | ... W23: =ROUND(SUMIFS(月別入力!$J:$J,月別入力!$F:$F,設定!$C23,月別入力!$D:$D,設定!W$9,月別入力!$B:$B,設定!$B23),0) -> 0
... B111: =B$11 -> <=12 | G111: =SUM(H111,V111) -> 0 | H111: =SUM(I111,J111,U111) -> 0 | I111: =ROUND(SUMIFS(月別入力!$J:$J,月別入力!$F:$F,設定!$C111,月別入力!$D:$D,設定!I$9,月別入力!$B:$B,設定!$B111),0) -> 0 | J111: =SUM(K111:T111) -> 0 | K111: =ROUND(SUMIFS(月別入力!$J:$J,月別入力!$F:$F,設定!$C111,月別入力!$D:$D,設定!K$9,月別入力!$B:$B,設定!$B111),0) -> 0 | L111: =ROUND(SUMIFS(月別入力!$J:$J,月別入力!$F:$F,設定!$C111,月別入力!$D:$D,設定!L$9,月別入力!$B:$B,設定!$B111),0) -> 0 | M111: =ROUND(SUMIFS(月別入力!$J:$J,月別入力!$F:$F,設定!$C111,月別入力!$D:$D,設定!M$9,月別入力!$B:$B,設定!$B111),0) -> 0 | N111: =ROUND(SUMIFS(月別入力!$J:$J,月別入力!$F:$F,設定!$C111,月別入力!$D:$D,設定!N$9,月別入力!$B:$B,設定!$B111),0) -> 0 | O111: =ROUND(SUMIFS(月別入力!$J:$J,月別入力!$F:$F,設定!$C111,月別入力!$D:$D,設定!O$9,月別入力!$B:$B,設定!$B111),0) -> 0 | P111: =ROUND(SUMIFS(月別入力!$J:$J,月別入力!$F:$F,設定!$C111,月別入力!$D:$D,設定!P$9,月別入力!$B:$B,設定!$B111),0) -> 0 | Q111: =ROUND(SUMIFS(月別入力!$J:$J,月別入力!$F:$F,設定!$C111,月別入力!$D:$D,設定!Q$9,月別入力!$B:$B,設定!$B111),0) -> 0 | R111: =ROUND(SUMIFS(月別入力!$J:$J,月別入力!$F:$F,設定!$C111,月別入力!$D:$D,設定!R$9,月別入力!$B:$B,設定!$B111),0) -> 0 | ... W111: =ROUND(SUMIFS(月別入力!$J:$J,月別入力!$F:$F,設定!$C111,月別入力!$D:$D,設定!W$9,月別入力!$B:$B,設定!$B111),0) -> 0

Sheet 月別入力
B1: 営農類型別経営統計（個人経営体） 入力シート
B2: 2020センサス番号 <自動>
B3: =設定!C3 -> 0
B5: 月 | C5: 作業 <入力> | D5: 集計分類 <選択> | E5: 指定品目 <自動> | F5: 作業者 <選択> | G5: 性別 <自動> | H5: 年齢 <自動> | I5: 雇用形態 <自動> | J5: 労働時間 <入力>
E7: =IFERROR(VLOOKUP(D7,'リスト '!$A$2:$B$15,2,FALSE),"") | G7: =IFERROR(VLOOKUP(F7,設定!$C$11:$F$111,2,FALSE),"") | H7: =IFERROR(VLOOKUP(F7,設定!$C$11:$F$111,3,FALSE),"") | I7: =IFERROR(VLOOKUP(F7,設定!$C$11:$F$111,4,FALSE),"")
E8: =IFERROR(VLOOKUP(D8,'リスト '!$A$2:$B$15,2,FALSE),"") | G8: =IFERROR(VLOOKUP(F8,設定!$C$11:$F$111,2,FALSE),"") | H8: =IFERROR(VLOOKUP(F8,設定!$C$11:$F$111,3,FALSE),"") | I8: =IFERROR(VLOOKUP(F8,設定!$C$11:$F$111,4,FALSE),"")
E9: =IFERROR(VLOOKUP(D9,'リスト '!$A$2:$B$15,2,FALSE),"") | G9: =IFERROR(VLOOKUP(F9,設定!$C$11:$F$111,2,FALSE),"") | H9: =IFERROR(VLOOKUP(F9,設定!$C$11:$F$111,3,FALSE),"") | I9: =IFERROR(VLOOKUP(F9,設定!$C$11:$F$111,4,FALSE),"")
E10: =IFERROR(VLOOKUP(D10,'リスト '!$A$2:$B$15,2,FALSE),"") | G10: =IFERROR(VLOOKUP(F10,設定!$C$11:$F$111,2,FALSE),"") | H10: =IFERROR(VLOOKUP(F10,設定!$C$11:$F$111,3,FALSE),"") | I10: =IFERROR(VLOOKUP(F10,設定!$C$11:$F$111,4,FALSE),"")
E11: =IFERROR(VLOOKUP(D11,'リスト '!$A$2:$B$15,2,FALSE),"") | G11: =IFERROR(VLOOKUP(F11,設定!$C$11:$F$111,2,FALSE),"") | H11: =IFERROR(VLOOKUP(F11,設定!$C$11:$F$111,3,FALSE),"") | I11: =IFERROR(VLOOKUP(F11,設定!$C$11:$F$111,4,FALSE),"")
E12: =IFERROR(VLOOKUP(D12,'リスト '!$A$2:$B$15,2,FALSE),"") | G12: =IFERROR(VLOOKUP(F12,設定!$C$11:$F$111,2,FALSE),"") | H12: =IFERROR(VLOOKUP(F12,設定!$C$11:$F$111,3,FALSE),"") | I12: =IFERROR(VLOOKUP(F12,設定!$C$11:$F$111,4,FALSE),"")
E13: =IFERROR(VLOOKUP(D13,'リスト '!$A$2:$B$15,2,FALSE),"") | G13: =IFERROR(VLOOKUP(F13,設定!$C$11:$F$111,2,FALSE),"") | H13: =IFERROR(VLOOKUP(F13,設定!$C$11:$F$111,3,FALSE),"") | I13: =IFERROR(VLOOKUP(F13,設定!$C$11:$F$111,4,FALSE),"")
E14: =IFERROR(VLOOKUP(D14,'リスト '!$A$2:$B$15,2,FALSE),"") | G14: =IFERROR(VLOOKUP(F14,設定!$C$11:$F$111,2,FALSE),"") | H14: =IFERROR(VLOOKUP(F14,設定!$C$11:$F$111,3,FALSE),"") | I14: =IFERROR(VLOOKUP(F14,設定!$C$11:$F$111,4,FALSE),"")
E15: =IFERROR(VLOOKUP(D15,'リスト '!$A$2:$B$15,2,FALSE),"") | G15: =IFERROR(VLOOKUP(F15,設定!$C$11:$F$111,2,FALSE),"") | H15: =IFERROR(VLOOKUP(F15,設定!$C$11:$F$111,3,FALSE),"") | I15: =IFERROR(VLOOKUP(F15,設定!$C$11:$F$111,4,FALSE),"")
E16: =IFERROR(VLOOKUP(D16,'リスト '!$A$2:$B$15,2,FALSE),"") | G16: =IFERROR(VLOOKUP(F16,設定!$C$11:$F$111,2,FALSE),"") | H16: =IFERROR(VLOOKUP(F16,設定!$C$11:$F$111,3,FALSE),"") | I16: =IFERROR(VLOOKUP(F16,設定!$C$11:$F$111,4,FALSE),"")
E17: =IFERROR(VLOOKUP(D17,'リスト '!$A$2:$B$15,2,FALSE),"") | G17: =IFERROR(VLOOKUP(F17,設定!$C$11:$F$111,2,FALSE),"") | H17: =IFERROR(VLOOKUP(F17,設定!$C$11:$F$111,3,FALSE),"") | I17: =IFERROR(VLOOKUP(F17,設定!$C$11:$F$111,4,FALSE),"")
E18: =IFERROR(VLOOKUP(D18,'リスト '!$A$2:$B$15,2,FALSE),"") | G18: =IFERROR(VLOOKUP(F18,設定!$C$11:$F$111,2,FALSE),"") | H18: =IFERROR(VLOOKUP(F18,設定!$C$11:$F$111,3,FALSE),"") | I18: =IFERROR(VLOOKUP(F18,設定!$C$11:$F$111,4,FALSE),"")
... E681: =IFERROR(VLOOKUP(D681,'リスト '!$A$2:$B$15,2,FALSE),"") | G681: =IFERROR(VLOOKUP(F681,設定!$C$11:$F$111,2,FALSE),"") | H681: =IFERROR(VLOOKUP(F681,設定!$C$11:$F$111,3,FALSE),"") | I681: =IFERROR(VLOOKUP(F681,設定!$C$11:$F$111,4,FALSE),"")

Sheet 10_労働
B2: 【10】労働の概要
C8: (1) 家族・常用雇用者労働時間
C9: 区 分 | H9: 性 別 | L9: 年齢 | O9: 家族・雇用の別 | X9: 農 業 労働時間 （時間） | AH9: 農 業 生 産 関 連 事 業 労 働 時 間 （時間）
O10: 家族 | R10: 常用雇用者
R11: ７ヶ月 未満の 雇用者 | U11: ７ヶ月 以上の 雇用者 | AC11: うち、 農作業受託 （時間）
O12: 1 | R12: 2 | U12: 3
O13: いずれか１つに○を記入してください。
C14: =設定!C11 -> 0 | H14: =設定!D11 -> 0 | L14: =設定!E11 -> 0 | X14: =設定!G11 -> 0 | AC14: =設定!V11 -> 0 | AH14: =設定!W11 -> 0
C15: =IF(設定!F12="4：臨時雇用者",,設定!C12) -> 0 | H15: =IF(設定!F12="4：臨時雇用者",,設定!D12) -> 0 | L15: =IF(設定!F12="4：臨時雇用者",,設定!E12) -> 0 | O15: =IF(設定!F12="4：臨時雇用者",,設定!F12) -> 0 | X15: =IF(設定!F12="4：臨時雇用者",,設定!G12) -> 0 | AC15: =IF(設定!F12="4：臨時雇用者",,設定!V12) -> 0 | AH15: =IF(設定!F12="4：臨時雇用者",,設定!W12) -> 0
C16: =IF(設定!F13="4：臨時雇用者",,設定!C13) -> 0 | H16: =IF(設定!F13="4：臨時雇用者",,設定!D13) -> 0 | L16: =IF(設定!F13="4：臨時雇用者",,設定!E13) -> 0 | O16: =IF(設定!F13="4：臨時雇用者",,設定!F13) -> 0 | X16: =IF(設定!F13="4：臨時雇用者",,設定!G13) -> 0 | AC16: =IF(設定!F13="4：臨時雇用者",,設定!V13) -> 0 | AH16: =IF(設定!F13="4：臨時雇用者",,設定!W13) -> 0
C17: =IF(設定!F14="4：臨時雇用者",,設定!C14) -> 0 | H17: =IF(設定!F14="4：臨時雇用者",,設定!D14) -> 0 | L17: =IF(設定!F14="4：臨時雇用者",,設定!E14) -> 0 | O17: =IF(設定!F14="4：臨時雇用者",,設定!F14) -> 0 | X17: =IF(設定!F14="4：臨時雇用者",,設定!G14) -> 0 | AC17: =IF(設定!F14="4：臨時雇用者",,設定!V14) -> 0 | AH17: =IF(設定!F14="4：臨時雇用者",,設定!W14) -> 0
C18: =IF(設定!F15="4：臨時雇用者",,設定!C15) -> 0 | H18: =IF(設定!F15="4：臨時雇用者",,設定!D15) -> 0 | L18: =IF(設定!F15="4：臨時雇用者",,設定!E15) -> 0 | O18: =IF(設定!F15="4：臨時雇用者",,設定!F15) -> 0 | X18: =IF(設定!F15="4：臨時雇用者",,設定!G15) -> 0 | AC18: =IF(設定!F15="4：臨時雇用者",,設定!V15) -> 0 | AH18: =IF(設定!F15="4：臨時雇用者",,設定!W15) -> 0
C19: =IF(設定!F16="4：臨時雇用者",,設定!C16) -> 0 | H19: =IF(設定!F16="4：臨時雇用者",,設定!D16) -> 0 | L19: =IF(設定!F16="4：臨時雇用者",,設定!E16) -> 0 | O19: =IF(設定!F16="4：臨時雇用者",,設定!F16) -> 0 | X19: =IF(設定!F16="4：臨時雇用者",,設定!G16) -> 0 | AC19: =IF(設定!F16="4：臨時雇用者",,設定!V16) -> 0 | AH19: =IF(設定!F16="4：臨時雇用者",,設定!W16) -> 0
C20: =IF(設定!F17="4：臨時雇用者",,設定!C17) -> 0 | H20: =IF(設定!F17="4：臨時雇用者",,設定!D17) -> 0 | L20: =IF(設定!F17="4：臨時雇用者",,設定!E17) -> 0 | O20: =IF(設定!F17="4：臨時雇用者",,設定!F17) -> 0 | X20: =IF(設定!F17="4：臨時雇用者",,設定!G17) -> 0 | AC20: =IF(設定!F17="4：臨時雇用者",,設定!V17) -> 0 | AH20: =IF(設定!F17="4：臨時雇用者",,設定!W17) -> 0
C21: =IF(設定!F18="4：臨時雇用者",,設定!C18) -> 0 | H21: =IF(設定!F18="4：臨時雇用者",,設定!D18) -> 0 | L21: =IF(設定!F18="4：臨時雇用者",,設定!E18) -> 0 | O21: =IF(設定!F18="4：臨時雇用者",,設定!F18) -> 0 | X21: =IF(設定!F18="4：臨時雇用者",,設定!G18) -> 0 | AC21: =IF(設定!F18="4：臨時雇用者",,設定!V18) -> 0 | AH21: =IF(設定!F18="4：臨時雇用者",,設定!W18) -> 0
C22: =IF(設定!F19="4：臨時雇用者",,設定!C19) -> 0 | H22: =IF(設定!F19="4：臨時雇用者",,設定!D19) -> 0 | L22: =IF(設定!F19="4：臨時雇用者",,設定!E19) -> 0 | O22: =IF(設定!F19="4：臨時雇用者",,設定!F19) -> 0 | X22: =IF(設定!F19="4：臨時雇用者",,設定!G19) -> 0 | AC22: =IF(設定!F19="4：臨時雇用者",,設定!V19) -> 0 | AH22: =IF(設定!F19="4：臨時雇用者",,設定!W19) -> 0
C23: =IF(設定!F20="4：臨時雇用者",,設定!C20) -> 0 | H23: =IF(設定!F20="4：臨時雇用者",,設定!D20) -> 0 | L23: =IF(設定!F20="4：臨時雇用者",,設定!E20) -> 0 | O23: =IF(設定!F20="4：臨時雇用者",,設定!F20) -> 0 | X23: =IF(設定!F20="4：臨時雇用者",,設定!G20) -> 0 | AC23: =IF(設定!F20="4：臨時雇用者",,設定!V20) -> 0 | AH23: =IF(設定!F20="4：臨時雇用者",,設定!W20) -> 0
C24: =IF(設定!F21="4：臨時雇用者",,設定!C21) -> 0 | H24: =IF(設定!F21="4：臨時雇用者",,設定!D21) -> 0 | L24: =IF(設定!F21="4：臨時雇用者",,設定!E21) -> 0 | O24: =IF(設定!F21="4：臨時雇用者",,設定!F21) -> 0 | X24: =IF(設定!F21="4：臨時雇用者",,設定!G21) -> 0 | AC24: =IF(設定!F21="4：臨時雇用者",,設定!V21) -> 0 | AH24: =IF(設定!F21="4：臨時雇用者",,設定!W21) -> 0
C25: =IF(設定!F22="4：臨時雇用者",,設定!C22) -> 0 | H25: =IF(設定!F22="4：臨時雇用者",,設定!D22) -> 0 | L25: =IF(設定!F22="4：臨時雇用者",,設定!E22) -> 0 | O25: =IF(設定!F22="4：臨時雇用者",,設定!F22) -> 0 | X25: =IF(設定!F22="4：臨時雇用者",,設定!G22) -> 0 | AC25: =IF(設定!F22="4：臨時雇用者",,設定!V22) -> 0 | AH25: =IF(設定!F22="4：臨時雇用者",,設定!W22) -> 0
C26: =IF(設定!F23="4：臨時雇用者",,設定!C23) -> 0 | H26: =IF(設定!F23="4：臨時雇用者",,設定!D23) -> 0 | L26: =IF(設定!F23="4：臨時雇用者",,設定!E23) -> 0 | O26: =IF(設定!F23="4：臨時雇用者",,設定!F23) -> 0 | X26: =IF(設定!F23="4：臨時雇用者",,設定!G23) -> 0 | AC26: =IF(設定!F23="4：臨時雇用者",,設定!V23) -> 0 | AH26: =IF(設定!F23="4：臨時雇用者",,設定!W23) -> 0
... C114: =IF(設定!F111="4：臨時雇用者",,設定!C111) -> 0 | H114: =IF(設定!F111="4：臨時雇用者",,設定!D111) -> 0 | L114: =IF(設定!F111="4：臨時雇用者",,設定!E111) -> 0 | O114: =IF(設定!F111="4：臨時雇用者",,設定!F111) -> 0 | X114: =IF(設定!F111="4：臨時雇用者",,設定!G111) -> 0 | AC114: =IF(設定!F111="4：臨時雇用者",,設定!V111) -> 0 | AH114: =IF(設定!F111="4：臨時雇用者",,設定!W111) -> 0
C118: (2) 臨時雇用者労働時間
C119: 区 分 | I119: 人 数 | N119: 農 業 労働時間 | X119: 農業生産 関連事業 労働時間
S120: 農作業受託 労働時間
I121: （人） | N121: （時間） | S121: （時間） | X121: （時間）
C122: 男 | I122: =COUNTIFS(設定!F11:F111,"4：臨時雇用者",設定!D11:D111,"1：男") -> 0 | N122: =SUMIFS(設定!G11:G111,設定!F11:F111,"4：臨時雇用者",設定!D11:D111,"1：男") -> 0 | S122: =SUMIFS(設定!V11:V111,設定!F11:F111,"4：臨時雇用者",設定!D11:D111,"1：男") -> 0 | X122: =SUMIFS(設定!W11:W111,設定!F11:F111,"4：臨時雇用者",設定!D11:D111,"1：男") -> 0
C123: 女 | I123: =COUNTIFS(設定!F11:F111,"4：臨時雇用者",設定!D11:D111,"2：女") -> 0 | N123: =SUMIFS(設定!G11:G111,設定!F11:F111,"4：臨時雇用者",設定!D11:D111,"2：女") -> 0 | S123: =SUMIFS(設定!V11:V111,設定!F11:F111,"4：臨時雇用者",設定!D11:D111,"2：女") -> 0 | X123: =SUMIFS(設定!W11:W111,設定!F11:F111,"4：臨時雇用者",設定!D11:D111,"2：女") -> 0

Sheet 11_労働（指定品目）
A2: 【11】指定品目に係る労働の概要
B4: （指定品目がある方のみ記入してください。）
B5: １ 家族・雇用者別労働時間
D6: 指定品目について、農作業に係る労働時間を男女別・労働区分別に記入してください。
Q10: 指定品目名 | W10: =指定品目名 -> 0
B13: 区 分
N14: 男 （時間） | T14: 女 （時間）
B16: 家族 | N16: =SUMIFS(設定!$J:$J,設定!$D:$D,"1：男",設定!$F:$F,"経営主")+SUMIFS(設定!$J:$J,設定!$D:$D,"1：男",設定!$F:$F,"1：家族") -> 0 | T16: =SUMIFS(設定!$J:$J,設定!$D:$D,"2：女",設定!$F:$F,"経営主")+SUMIFS(設定!$J:$J,設定!$D:$D,"2：女",設定!$F:$F,"1：家族") -> 0
B18: 雇用者 | N18: =SUMIFS(設定!$J:$J,設定!$D:$D,"1：男",設定!$F:$F,"2：７ヶ月未満の雇用者")+SUMIFS(設定!$J:$J,設定!$D:$D,"1：男",設定!$F:$F,"3：７ヶ月以上の雇用者")+SUMIFS(設定!$J:$J,設定!$D:$D,"1：男",設定!$F:$F,"4：臨時雇用者") -> 0 | T18: =SUMIFS(設定!$J:$J,設定!$D:$D,"2：女",設定!$F:$F,"2：７ヶ月未満の雇用者")+SUMIFS(設定!$J:$J,設定!$D:$D,"2：女",設定!$F:$F,"3：７ヶ月以上の雇用者")+SUMIFS(設定!$J:$J,設定!$D:$D,"2：女",設定!$F:$F,"4：臨時雇用者") -> 0
B21: ２ 作業別労働時間
D22: 指定品目について、次の農作業区分に従事した作業別労働時間を記入してください。
B25: 区 分 | N25: 説 明 | Z25: 作業別労働 （時間）
B27: 作業別労働時間 計 | N27: 指定品目の農作業に係る労働時間の計 | Z27: =SUM(Z29,Z31,Z33,Z35,Z37,Z39,Z41,Z43,Z45,Z47) -> 0
C29: 種子予措・育苗 | N29: 選種、浸種、種子消毒、催芽、育苗 | Z29: =SUM(設定!K11:K111) -> 0
C31: 耕うん・施肥（基肥・追肥） | N31: 耕起、整地、畝立て、マルチ、基肥の配合、施肥、追肥 など | Z31: =SUM(設定!L11:L111) -> 0
C33: は種・定植整枝・せん定 | N33: は種、定植、覆土、整枝、せん定、誘引、新梢管理 など | Z33: =SUM(設定!M11:M111) -> 0
C35: 除草・防除 | N35: 作付ほ場の中耕除草、除草剤散布、農薬散布、鳥獣害対策 など | Z35: =SUM(設定!N11:N111) -> 0
C37: 授粉・摘果 | N37: 授粉、摘花、摘房、摘粒、摘果、葉つみ、ジベレリン処理 など | Z37: =SUM(設定!O11:O111) -> 0
C39: 生育管理 | N39: かん排水、けい畔の草刈り・除草剤散布、ビニール張り など | Z39: =SUM(設定!P11:P111) -> 0
C41: 収穫・調製 | N41: 収穫、結束、乾燥・調製、仮の収納場所への運搬 など | Z41: =SUM(設定!Q11:Q111) -> 0
C43: 包装・荷造り | N43: 包装、荷造り作業 | Z43: =SUM(設定!R11:R111) -> 0
C45: 搬出・出荷・販売 | N45: 該当農産物の搬出作業、出荷作業、販売に係る労働 | Z45: =SUM(設定!S11:S111) -> 0
C47: 経営管理・間接労働 | N47: 農機具修繕、資材等の調達、集会出席、技術習得、簿記記帳 など | Z47: =SUM(設定!T11:T111) -> 0

Sheet リスト 
A1: 作業 | B1: 指定品目 | D1: 指定品目
A2: 農業労働 | B2: - | D2: 1：かんしょ作
A3: 種子予措・育苗 | B3: 指定品目 | D3: 2：ばれいしょ作
A4: 耕うん・施肥（基肥・追肥） | B4: 指定品目 | D4: 3：露地きゅうり作
A5: は種・定植整枝・せん定 | B5: 指定品目 | D5: 4：露地大玉トマト作
A6: 除草・防除 | B6: 指定品目 | D6: 5：露地なす作
A7: 授粉・摘果 | B7: 指定品目 | D7: 6：露地キャベツ作
A8: 生育管理 | B8: 指定品目 | D8: 7：露地ほうれんそう作
A9: 収穫・調製 | B9: 指定品目 | D9: 8：露地たまねぎ作
A10: 包装・荷造り | B10: 指定品目 | D10: 9：露地レタス作
A11: 搬出・出荷・販売 | B11: 指定品目 | D11: 10：露地はくさい作
A12: 経営管理・間接労働 | B12: 指定品目 | D12: 11：露地白ねぎ作
... A15: 農業生産関連事業 | B15: - | D15: 14：施設きゅうり作
D16: 15：施設大玉トマト作
D17: 16：施設ミニトマト作
D18: 17：施設なす作
D19: 18：りんご作
D20: 19：露地温州みかん作
D21: 20：施設温州みかん作
D22: 21：露地ぶどう作
D23: 22：施設ぶどう作
D24: 23：日本なし作
D25: 24：もも作
D26: 25：かき作
D27: 26：うめ作
... D32: 31：茶作
