Workbook
Name さとうきび: リスト!$Q$2:$Q$18
Name そば: リスト!$K$2:$K$18
Name てんさい: リスト!$P$2:$P$18
Name なたね: リスト!$O$2:$O$18
Name はだか麦: リスト!$J$2:$J$18
Name 牛乳異動事由: [1]種類・構造・型式・牛馬コード!$R$33:$T$40
Name 牛馬種類コード: [1]種類・構造・型式・牛馬コード!$R$2:$S$6
Name 型式コード: #REF!
Name 型式コード: #REF!
Name 型式コード: #REF!
Name 型式コード: #REF!
Name 建築物コード: #REF!
Name 建築物コード: #REF!
Name 建築物コード: #REF!
Name 建築物種類コード: [1]リスト!$E$5:$E$15
Name 建物コード: #REF!
Name 建物コード: #REF!
Name 建物コード: #REF!
Name 建物コード: #REF!
Name 原料用かんしょ: リスト!$M$2:$M$18
Name 原料用ばれいしょ: リスト!$N$2:$N$18
Name 個別経営体: リスト!$D$2:$D$6
Name 構造コード: #REF!
Name 構造コード: #REF!
Name 構造コード: #REF!
Name 構築物コード: #REF!
Name 構築物コード: #REF!
Name 構築物コード: #REF!
Name 残存割合: #REF!
Name 残存割合: #REF!
Name 残存割合: #REF!
Name 自給牧草給与割合: [1]自給飼料!$BW$52
Name 自動車コード: #REF!
Name 自動車コード: #REF!
Name 自動車コード: #REF!
Name 自動車コード: #REF!
Name 祝祭日: [2]祝祭日!$D$5:$E$31
Name 償却率: #REF!
Name 償却率: #REF!
Name 償却率: [1]種類・構造・型式・牛馬コード!$AH$4:$AI$103
Name 償却率: #REF!
Name 小麦: リスト!$G$2:$G$18
Name 新古_修繕区分: #REF!
Name 新古_修繕区分: #REF!
Name 新古_修繕区分: #REF!
Name 新古_修繕区分: #REF!
Name 性別コード: [1]種類・構造・型式・牛馬コード!$R$8:$T$10
Name 生産費: #REF!
Name 生産費: #REF!
Name 生産費: #REF!
Name 生産費: #REF!
Name 生産費該当畜区分コード: [1]種類・構造・型式・牛馬コード!$R$21:$T$25
Name 生産費区分: #REF!
Name 生産費区分: #REF!
Name 生産費区分: #REF!
Name 生産費区分: #REF!
Name 税制19年: #REF!
Name 税制19年: #REF!
Name 税制19年: #REF!
Name 税制20年: #REF!

Sheet 設定
C1: 農産物生産費統計 設定シート
B2: 2020センサス番号 <入力> | D2: 経営種類 <選択> | F2: 生産費区分 <選択>
C5: 設定 | G5: 集計 <自動>
B6: 集計月 | C6: 作業者 | D6: 性別 | E6: 年齢 | F6: 雇用形態 | G6: 労働時間
B7: <選択> | C7: <入力> | D7: <選択> | E7: <入力> | F7: <選択>
H8: =IF(設定!F3="米",リスト!F2, IF(OR(設定!F3="小麦",設定!F3="二条大麦",設定!F3="六条大麦",設定!F3="はだか麦"),リスト!G2, IF(設定!F3="そば",リスト!K2, IF(設定!F3="大豆",リスト!L2, IF(設定!F3="原料用かんしょ",リスト!M2, IF(設定!F3="原料用ばれいしょ",リスト!N2, IF(設定!F3="なたね",リスト!O2, IF(設定!F3="てんさい",リスト!P2, IF(設定!F3="さとうきび",リスト!Q2,""))))))))) | I8: =IF(設定!F3="米",リスト!F3, IF(OR(設定!F3="小麦",設定!F3="二条大麦",設定!F3="六条大麦",設定!F3="はだか麦"),リスト!G3, IF(設定!F3="そば",リスト!K3, IF(設定!F3="大豆",リスト!L3, IF(設定!F3="原料用かんしょ",リスト!M3, IF(設定!F3="原料用ばれいしょ",リスト!N3, IF(設定!F3="なたね",リスト!O3, IF(設定!F3="てんさい",リスト!P3, IF(設定!F3="さとうきび",リスト!Q3,""))))))))) | J8: =IF(設定!F3="米",リスト!F4, IF(OR(設定!F3="小麦",設定!F3="二条大麦",設定!F3="六条大麦",設定!F3="はだか麦"),リスト!G4, IF(設定!F3="そば",リスト!K4, IF(設定!F3="大豆",リスト!L4, IF(設定!F3="原料用かんしょ",リスト!M4, IF(設定!F3="原料用ばれいしょ",リスト!N4, IF(設定!F3="なたね",リスト!O4, IF(設定!F3="てんさい",リスト!P4, IF(設定!F3="さとうきび",リスト!Q4,""))))))))) | K8: =IF(設定!F3="米",リスト!F5, IF(OR(設定!F3="小麦",設定!F3="二条大麦",設定!F3="六条大麦",設定!F3="はだか麦"),リスト!G5, IF(設定!F3="そば",リスト!K5, IF(設定!F3="大豆",リスト!L5, IF(設定!F3="原料用かんしょ",リスト!M5, IF(設定!F3="原料用ばれいしょ",リスト!N5, IF(設定!F3="なたね",リスト!O5, IF(設定!F3="てんさい",リスト!P5, IF(設定!F3="さとうきび",リスト!Q5,""))))))))) | L8: =IF(設定!F3="米",リスト!F6, IF(OR(設定!F3="小麦",設定!F3="二条大麦",設定!F3="六条大麦",設定!F3="はだか麦"),リスト!G6, IF(設定!F3="そば",リスト!K6, IF(設定!F3="大豆",リスト!L6, IF(設定!F3="原料用かんしょ",リスト!M6, IF(設定!F3="原料用ばれいしょ",リスト!N6, IF(設定!F3="なたね",リスト!O6, IF(設定!F3="てんさい",リスト!P6, IF(設定!F3="さとうきび",リスト!Q6,""))))))))) | M8: =IF(設定!F3="米",リスト!F7, IF(OR(設定!F3="小麦",設定!F3="二条大麦",設定!F3="六条大麦",設定!F3="はだか麦"),リスト!G7, IF(設定!F3="そば",リスト!K7, IF(設定!F3="大豆",リスト!L7, IF(設定!F3="原料用かんしょ",リスト!M7, IF(設定!F3="原料用ばれいしょ",リスト!N7, IF(設定!F3="なたね",リスト!O7, IF(設定!F3="てんさい",リスト!P7, IF(設定!F3="さとうきび",リスト!Q7,""))))))))) | N8: =IF(設定!F3="米",リスト!F8, IF(OR(設定!F3="小麦",設定!F3="二条大麦",設定!F3="六条大麦",設定!F3="はだか麦"),リスト!G8, IF(設定!F3="そば",リスト!K8, IF(設定!F3="大豆",リスト!L8, IF(設定!F3="原料用かんしょ",リスト!M8, IF(設定!F3="原料用ばれいしょ",リスト!N8, IF(設定!F3="なたね",リスト!O8, IF(設定!F3="てんさい",リスト!P8, IF(設定!F3="さとうきび",リスト!Q8,""))))))))) | O8: =IF(設定!F3="米",リスト!F9, IF(OR(設定!F3="小麦",設定!F3="二条大麦",設定!F3="六条大麦",設定!F3="はだか麦"),リスト!G9, IF(設定!F3="そば",リスト!K9, IF(設定!F3="大豆",リスト!L9, IF(設定!F3="原料用かんしょ",リスト!M9, IF(設定!F3="原料用ばれいしょ",リスト!N9, IF(設定!F3="なたね",リスト!O9, IF(設定!F3="てんさい",リスト!P9, IF(設定!F3="さとうきび",リスト!Q9,""))))))))) | P8: =IF(設定!F3="米",リスト!F10, IF(OR(設定!F3="小麦",設定!F3="二条大麦",設定!F3="六条大麦",設定!F3="はだか麦"),リスト!G10, IF(設定!F3="そば",リスト!K10, IF(設定!F3="大豆",リスト!L10, IF(設定!F3="原料用かんしょ",リスト!M10, IF(設定!F3="原料用ばれいしょ",リスト!N10, IF(設定!F3="なたね",リスト!O10, IF(設定!F3="てんさい",リスト!P10, IF(設定!F3="さとうきび",リスト!Q10,""))))))))) | Q8: =IF(設定!F3="米",リスト!F11, IF(OR(設定!F3="小麦",設定!F3="二条大麦",設定!F3="六条大麦",設定!F3="はだか麦"),リスト!G11, IF(設定!F3="そば",リスト!K11, IF(設定!F3="大豆",リスト!L11, IF(設定!F3="原料用かんしょ",リスト!M11, IF(設定!F3="原料用ばれいしょ",リスト!N11, IF(設定!F3="なたね",リスト!O11, IF(設定!F3="てんさい",リスト!P11, IF(設定!F3="さとうきび",リスト!Q11,""))))))))) | R8: =IF(設定!F3="米",リスト!F12, IF(OR(設定!F3="小麦",設定!F3="二条大麦",設定!F3="六条大麦",設定!F3="はだか麦"),リスト!G12, IF(設定!F3="そば",リスト!K12, IF(設定!F3="大豆",リスト!L12, IF(設定!F3="原料用かんしょ",リスト!M12, IF(設定!F3="原料用ばれいしょ",リスト!N12, IF(設定!F3="なたね",リスト!O12, IF(設定!F3="てんさい",リスト!P12, IF(設定!F3="さとうきび",リスト!Q12,""))))))))) | S8: =IF(設定!F3="米",リスト!F13, IF(OR(設定!F3="小麦",設定!F3="二条大麦",設定!F3="六条大麦",設定!F3="はだか麦"),リスト!G13, IF(設定!F3="そば",リスト!K13, IF(設定!F3="大豆",リスト!L13, IF(設定!F3="原料用かんしょ",リスト!M13, IF(設定!F3="原料用ばれいしょ",リスト!N13, IF(設定!F3="なたね",リスト!O13, IF(設定!F3="てんさい",リスト!P13, IF(設定!F3="さとうきび",リスト!Q13,""))))))))) | T8: =IF(設定!F3="米",リスト!F14, IF(OR(設定!F3="小麦",設定!F3="二条大麦",設定!F3="六条大麦",設定!F3="はだか麦"),リスト!G14, IF(設定!F3="そば",リスト!K14, IF(設定!F3="大豆",リスト!L14, IF(設定!F3="原料用かんしょ",リスト!M14, IF(設定!F3="原料用ばれいしょ",リスト!N14, IF(設定!F3="なたね",リスト!O14, IF(設定!F3="てんさい",リスト!P14, IF(設定!F3="さとうきび",リスト!Q14,""))))))))) | U8: =IF(設定!F3="米",リスト!F15, IF(OR(設定!F3="小麦",設定!F3="二条大麦",設定!F3="六条大麦",設定!F3="はだか麦"),リスト!G15, IF(設定!F3="そば",リスト!K15, IF(設定!F3="大豆",リスト!L15, IF(設定!F3="原料用かんしょ",リスト!M15, IF(設定!F3="原料用ばれいしょ",リスト!N15, IF(設定!F3="なたね",リスト!O15, IF(設定!F3="てんさい",リスト!P15, IF(設定!F3="さとうきび",リスト!Q15,""))))))))) | V8: =IF(設定!F3="米",リスト!F16, IF(OR(設定!F3="小麦",設定!F3="二条大麦",設定!F3="六条大麦",設定!F3="はだか麦"),リスト!G16, IF(設定!F3="そば",リスト!K16, IF(設定!F3="大豆",リスト!L16, IF(設定!F3="原料用かんしょ",リスト!M16, IF(設定!F3="原料用ばれいしょ",リスト!N16, IF(設定!F3="なたね",リスト!O16, IF(設定!F3="てんさい",リスト!P16, IF(設定!F3="さとうきび",リスト!Q16,""))))))))) | W8: =IF(設定!F3="米",リスト!F17, IF(OR(設定!F3="小麦",設定!F3="二条大麦",設定!F3="六条大麦",設定!F3="はだか麦"),リスト!G17, IF(設定!F3="そば",リスト!K17, IF(設定!F3="大豆",リスト!L17, IF(設定!F3="原料用かんしょ",リスト!M17, IF(設定!F3="原料用ばれいしょ",リスト!N17, IF(設定!F3="なたね",リスト!O17, IF(設定!F3="てんさい",リスト!P17, IF(設定!F3="さとうきび",リスト!Q17,""))))))))) | X8: =IF(設定!F3="米",リスト!F18, IF(OR(設定!F3="小麦",設定!F3="二条大麦",設定!F3="六条大麦",設定!F3="はだか麦"),リスト!G18, IF(設定!F3="そば",リスト!K18, IF(設定!F3="大豆",リスト!L18, IF(設定!F3="原料用かんしょ",リスト!M18, IF(設定!F3="原料用ばれいしょ",リスト!N18, IF(設定!F3="なたね",リスト!O18, IF(設定!F3="てんさい",リスト!P18, IF(設定!F3="さとうきび",リスト!Q18,"")))))))))
G9: 時間 | H9: 時間 | I9: 時間 | J9: 時間 | K9: 時間 | L9: 時間 | M9: 時間 | N9: 時間 | O9: 時間 | P9: 時間 | Q9: 時間 | R9: 時間 | S9: 時間 | T9: 時間 | U9: 時間 | V9: 時間 | W9: 時間 | X9: 時間
B10: <=12 | G10: =SUM(H10:X10) -> 0 | H10: =SUMIFS(月別入力!$I:$I,月別入力!$E:$E,設定!$C10,月別入力!$D:$D,設定!H$8,月別入力!$B:$B,設定!$B10) -> 0 | I10: =SUMIFS(月別入力!$I:$I,月別入力!$E:$E,設定!$C10,月別入力!$D:$D,設定!I$8,月別入力!$B:$B,設定!$B10) -> 0 | J10: =SUMIFS(月別入力!$I:$I,月別入力!$E:$E,設定!$C10,月別入力!$D:$D,設定!J$8,月別入力!$B:$B,設定!$B10) -> 0 | K10: =SUMIFS(月別入力!$I:$I,月別入力!$E:$E,設定!$C10,月別入力!$D:$D,設定!K$8,月別入力!$B:$B,設定!$B10) -> 0 | L10: =SUMIFS(月別入力!$I:$I,月別入力!$E:$E,設定!$C10,月別入力!$D:$D,設定!L$8,月別入力!$B:$B,設定!$B10) -> 0 | M10: =SUMIFS(月別入力!$I:$I,月別入力!$E:$E,設定!$C10,月別入力!$D:$D,設定!M$8,月別入力!$B:$B,設定!$B10) -> 0 | N10: =SUMIFS(月別入力!$I:$I,月別入力!$E:$E,設定!$C10,月別入力!$D:$D,設定!N$8,月別入力!$B:$B,設定!$B10) -> 0 | O10: =SUMIFS(月別入力!$I:$I,月別入力!$E:$E,設定!$C10,月別入力!$D:$D,設定!O$8,月別入力!$B:$B,設定!$B10) -> 0 | ... X10: =SUMIFS(月別入力!$I:$I,月別入力!$E:$E,設定!$C10,月別入力!$D:$D,設定!X$8,月別入力!$B:$B,設定!$B10) -> 0
B11: =B$10 -> <=12 | G11: =SUM(H11:X11) -> 0 | H11: =SUMIFS(月別入力!$I:$I,月別入力!$E:$E,設定!$C11,月別入力!$D:$D,設定!H$8,月別入力!$B:$B,設定!$B11) -> 0 | I11: =SUMIFS(月別入力!$I:$I,月別入力!$E:$E,設定!$C11,月別入力!$D:$D,設定!I$8,月別入力!$B:$B,設定!$B11) -> 0 | J11: =SUMIFS(月別入力!$I:$I,月別入力!$E:$E,設定!$C11,月別入力!$D:$D,設定!J$8,月別入力!$B:$B,設定!$B11) -> 0 | K11: =SUMIFS(月別入力!$I:$I,月別入力!$E:$E,設定!$C11,月別入力!$D:$D,設定!K$8,月別入力!$B:$B,設定!$B11) -> 0 | L11: =SUMIFS(月別入力!$I:$I,月別入力!$E:$E,設定!$C11,月別入力!$D:$D,設定!L$8,月別入力!$B:$B,設定!$B11) -> 0 | M11: =SUMIFS(月別入力!$I:$I,月別入力!$E:$E,設定!$C11,月別入力!$D:$D,設定!M$8,月別入力!$B:$B,設定!$B11) -> 0 | N11: =SUMIFS(月別入力!$I:$I,月別入力!$E:$E,設定!$C11,月別入力!$D:$D,設定!N$8,月別入力!$B:$B,設定!$B11) -> 0 | O11: =SUMIFS(月別入力!$I:$I,月別入力!$E:$E,設定!$C11,月別入力!$D:$D,設定!O$8,月別入力!$B:$B,設定!$B11) -> 0 | ... X11: =SUMIFS(月別入力!$I:$I,月別入力!$E:$E,設定!$C11,月別入力!$D:$D,設定!X$8,月別入力!$B:$B,設定!$B11) -> 0
B12: =B$10 -> <=12 | G12: =SUM(H12:X12) -> 0 | H12: =SUMIFS(月別入力!$I:$I,月別入力!$E:$E,設定!$C12,月別入力!$D:$D,設定!H$8,月別入力!$B:$B,設定!$B12) -> 0 | I12: =SUMIFS(月別入力!$I:$I,月別入力!$E:$E,設定!$C12,月別入力!$D:$D,設定!I$8,月別入力!$B:$B,設定!$B12) -> 0 | J12: =SUMIFS(月別入力!$I:$I,月別入力!$E:$E,設定!$C12,月別入力!$D:$D,設定!J$8,月別入力!$B:$B,設定!$B12) -> 0 | K12: =SUMIFS(月別入力!$I:$I,月別入力!$E:$E,設定!$C12,月別入力!$D:$D,設定!K$8,月別入力!$B:$B,設定!$B12) -> 0 | L12: =SUMIFS(月別入力!$I:$I,月別入力!$E:$E,設定!$C12,月別入力!$D:$D,設定!L$8,月別入力!$B:$B,設定!$B12) -> 0 | M12: =SUMIFS(月別入力!$I:$I,月別入力!$E:$E,設定!$C12,月別入力!$D:$D,設定!M$8,月別入力!$B:$B,設定!$B12) -> 0 | N12: =SUMIFS(月別入力!$I:$I,月別入力!$E:$E,設定!$C12,月別入力!$D:$D,設定!N$8,月別入力!$B:$B,設定!$B12) -> 0 | O12: =SUMIFS(月別入力!$I:$I,月別入力!$E:$E,設定!$C12,月別入力!$D:$D,設定!O$8,月別入力!$B:$B,設定!$B12) -> 0 | ... X12: =SUMIFS(月別入力!$I:$I,月別入力!$E:$E,設定!$C12,月別入力!$D:$D,設定!X$8,月別入力!$B:$B,設定!$B12) -> 0
B13: =B$10 -> <=12 | G13: =SUM(H13:X13) -> 0 | H13: =SUMIFS(月別入力!$I:$I,月別入力!$E:$E,設定!$C13,月別入力!$D:$D,設定!H$8,月別入力!$B:$B,設定!$B13) -> 0 | I13: =SUMIFS(月別入力!$I:$I,月別入力!$E:$E,設定!$C13,月別入力!$D:$D,設定!I$8,月別入力!$B:$B,設定!$B13) -> 0 | J13: =SUMIFS(月別入力!$I:$I,月別入力!$E:$E,設定!$C13,月別入力!$D:$D,設定!J$8,月別入力!$B:$B,設定!$B13) -> 0 | K13: =SUMIFS(月別入力!$I:$I,月別入力!$E:$E,設定!$C13,月別入力!$D:$D,設定!K$8,月別入力!$B:$B,設定!$B13) -> 0 | L13: =SUMIFS(月別入力!$I:$I,月別入力!$E:$E,設定!$C13,月別入力!$D:$D,設定!L$8,月別入力!$B:$B,設定!$B13) -> 0 | M13: =SUMIFS(月別入力!$I:$I,月別入力!$E:$E,設定!$C13,月別入力!$D:$D,設定!M$8,月別入力!$B:$B,設定!$B13) -> 0 | N13: =SUMIFS(月別入力!$I:$I,月別入力!$E:$E,設定!$C13,月別入力!$D:$D,設定!N$8,月別入力!$B:$B,設定!$B13) -> 0 | O13: =SUMIFS(月別入力!$I:$I,月別入力!$E:$E,設定!$C13,月別入力!$D:$D,設定!O$8,月別入力!$B:$B,設定!$B13) -> 0 | ... X13: =SUMIFS(月別入力!$I:$I,月別入力!$E:$E,設定!$C13,月別入力!$D:$D,設定!X$8,月別入力!$B:$B,設定!$B13) -> 0
B14: =B$10 -> <=12 | G14: =SUM(H14:X14) -> 0 | H14: =SUMIFS(月別入力!$I:$I,月別入力!$E:$E,設定!$C14,月別入力!$D:$D,設定!H$8,月別入力!$B:$B,設定!$B14) -> 0 | I14: =SUMIFS(月別入力!$I:$I,月別入力!$E:$E,設定!$C14,月別入力!$D:$D,設定!I$8,月別入力!$B:$B,設定!$B14) -> 0 | J14: =SUMIFS(月別入力!$I:$I,月別入力!$E:$E,設定!$C14,月別入力!$D:$D,設定!J$8,月別入力!$B:$B,設定!$B14) -> 0 | K14: =SUMIFS(月別入力!$I:$I,月別入力!$E:$E,設定!$C14,月別入力!$D:$D,設定!K$8,月別入力!$B:$B,設定!$B14) -> 0 | L14: =SUMIFS(月別入力!$I:$I,月別入力!$E:$E,設定!$C14,月別入力!$D:$D,設定!L$8,月別入力!$B:$B,設定!$B14) -> 0 | M14: =SUMIFS(月別入力!$I:$I,月別入力!$E:$E,設定!$C14,月別入力!$D:$D,設定!M$8,月別入力!$B:$B,設定!$B14) -> 0 | N14: =SUMIFS(月別入力!$I:$I,月別入力!$E:$E,設定!$C14,月別入力!$D:$D,設定!N$8,月別入力!$B:$B,設定!$B14) -> 0 | O14: =SUMIFS(月別入力!$I:$I,月別入力!$E:$E,設定!$C14,月別入力!$D:$D,設定!O$8,月別入力!$B:$B,設定!$B14) -> 0 | ... X14: =SUMIFS(月別入力!$I:$I,月別入力!$E:$E,設定!$C14,月別入力!$D:$D,設定!X$8,月別入力!$B:$B,設定!$B14) -> 0
B15: =B$10 -> <=12 | G15: =SUM(H15:X15) -> 0 | H15: =SUMIFS(月別入力!$I:$I,月別入力!$E:$E,設定!$C15,月別入力!$D:$D,設定!H$8,月別入力!$B:$B,設定!$B15) -> 0 | I15: =SUMIFS(月別入力!$I:$I,月別入力!$E:$E,設定!$C15,月別入力!$D:$D,設定!I$8,月別入力!$B:$B,設定!$B15) -> 0 | J15: =SUMIFS(月別入力!$I:$I,月別入力!$E:$E,設定!$C15,月別入力!$D:$D,設定!J$8,月別入力!$B:$B,設定!$B15) -> 0 | K15: =SUMIFS(月別入力!$I:$I,月別入力!$E:$E,設定!$C15,月別入力!$D:$D,設定!K$8,月別入力!$B:$B,設定!$B15) -> 0 | L15: =SUMIFS(月別入力!$I:$I,月別入力!$E:$E,設定!$C15,月別入力!$D:$D,設定!L$8,月別入力!$B:$B,設定!$B15) -> 0 | M15: =SUMIFS(月別入力!$I:$I,月別入力!$E:$E,設定!$C15,月別入力!$D:$D,設定!M$8,月別入力!$B:$B,設定!$B15) -> 0 | N15: =SUMIFS(月別入力!$I:$I,月別入力!$E:$E,設定!$C15,月別入力!$D:$D,設定!N$8,月別入力!$B:$B,設定!$B15) -> 0 | O15: =SUMIFS(月別入力!$I:$I,月別入力!$E:$E,設定!$C15,月別入力!$D:$D,設定!O$8,月別入力!$B:$B,設定!$B15) -> 0 | ... X15: =SUMIFS(月別入力!$I:$I,月別入力!$E:$E,設定!$C15,月別入力!$D:$D,設定!X$8,月別入力!$B:$B,設定!$B15) -> 0
B16: =B$10 -> <=12 | G16: =SUM(H16:X16) -> 0 | H16: =SUMIFS(月別入力!$I:$I,月別入力!$E:$E,設定!$C16,月別入力!$D:$D,設定!H$8,月別入力!$B:$B,設定!$B16) -> 0 | I16: =SUMIFS(月別入力!$I:$I,月別入力!$E:$E,設定!$C16,月別入力!$D:$D,設定!I$8,月別入力!$B:$B,設定!$B16) -> 0 | J16: =SUMIFS(月別入力!$I:$I,月別入力!$E:$E,設定!$C16,月別入力!$D:$D,設定!J$8,月別入力!$B:$B,設定!$B16) -> 0 | K16: =SUMIFS(月別入力!$I:$I,月別入力!$E:$E,設定!$C16,月別入力!$D:$D,設定!K$8,月別入力!$B:$B,設定!$B16) -> 0 | L16: =SUMIFS(月別入力!$I:$I,月別入力!$E:$E,設定!$C16,月別入力!$D:$D,設定!L$8,月別入力!$B:$B,設定!$B16) -> 0 | M16: =SUMIFS(月別入力!$I:$I,月別入力!$E:$E,設定!$C16,月別入力!$D:$D,設定!M$8,月別入力!$B:$B,設定!$B16) -> 0 | N16: =SUMIFS(月別入力!$I:$I,月別入力!$E:$E,設定!$C16,月別入力!$D:$D,設定!N$8,月別入力!$B:$B,設定!$B16) -> 0 | O16: =SUMIFS(月別入力!$I:$I,月別入力!$E:$E,設定!$C16,月別入力!$D:$D,設定!O$8,月別入力!$B:$B,設定!$B16) -> 0 | ... X16: =SUMIFS(月別入力!$I:$I,月別入力!$E:$E,設定!$C16,月別入力!$D:$D,設定!X$8,月別入力!$B:$B,設定!$B16) -> 0
B17: =B$10 -> <=12 | G17: =SUM(H17:X17) -> 0 | H17: =SUMIFS(月別入力!$I:$I,月別入力!$E:$E,設定!$C17,月別入力!$D:$D,設定!H$8,月別入力!$B:$B,設定!$B17) -> 0 | I17: =SUMIFS(月別入力!$I:$I,月別入力!$E:$E,設定!$C17,月別入力!$D:$D,設定!I$8,月別入力!$B:$B,設定!$B17) -> 0 | J17: =SUMIFS(月別入力!$I:$I,月別入力!$E:$E,設定!$C17,月別入力!$D:$D,設定!J$8,月別入力!$B:$B,設定!$B17) -> 0 | K17: =SUMIFS(月別入力!$I:$I,月別入力!$E:$E,設定!$C17,月別入力!$D:$D,設定!K$8,月別入力!$B:$B,設定!$B17) -> 0 | L17: =SUMIFS(月別入力!$I:$I,月別入力!$E:$E,設定!$C17,月別入力!$D:$D,設定!L$8,月別入力!$B:$B,設定!$B17) -> 0 | M17: =SUMIFS(月別入力!$I:$I,月別入力!$E:$E,設定!$C17,月別入力!$D:$D,設定!M$8,月別入力!$B:$B,設定!$B17) -> 0 | N17: =SUMIFS(月別入力!$I:$I,月別入力!$E:$E,設定!$C17,月別入力!$D:$D,設定!N$8,月別入力!$B:$B,設定!$B17) -> 0 | O17: =SUMIFS(月別入力!$I:$I,月別入力!$E:$E,設定!$C17,月別入力!$D:$D,設定!O$8,月別入力!$B:$B,設定!$B17) -> 0 | ... X17: =SUMIFS(月別入力!$I:$I,月別入力!$E:$E,設定!$C17,月別入力!$D:$D,設定!X$8,月別入力!$B:$B,設定!$B17) -> 0
B18: =B$10 -> <=12 | G18: =SUM(H18:X18) -> 0 | H18: =SUMIFS(月別入力!$I:$I,月別入力!$E:$E,設定!$C18,月別入力!$D:$D,設定!H$8,月別入力!$B:$B,設定!$B18) -> 0 | I18: =SUMIFS(月別入力!$I:$I,月別入力!$E:$E,設定!$C18,月別入力!$D:$D,設定!I$8,月別入力!$B:$B,設定!$B18) -> 0 | J18: =SUMIFS(月別入力!$I:$I,月別入力!$E:$E,設定!$C18,月別入力!$D:$D,設定!J$8,月別入力!$B:$B,設定!$B18) -> 0 | K18: =SUMIFS(月別入力!$I:$I,月別入力!$E:$E,設定!$C18,月別入力!$D:$D,設定!K$8,月別入力!$B:$B,設定!$B18) -> 0 | L18: =SUMIFS(月別入力!$I:$I,月別入力!$E:$E,設定!$C18,月別入力!$D:$D,設定!L$8,月別入力!$B:$B,設定!$B18) -> 0 | M18: =SUMIFS(月別入力!$I:$I,月別入力!$E:$E,設定!$C18,月別入力!$D:$D,設定!M$8,月別入力!$B:$B,設定!$B18) -> 0 | N18: =SUMIFS(月別入力!$I:$I,月別入力!$E:$E,設定!$C18,月別入力!$D:$D,設定!N$8,月別入力!$B:$B,設定!$B18) -> 0 | O18: =SUMIFS(月別入力!$I:$I,月別入力!$E:$E,設定!$C18,月別入力!$D:$D,設定!O$8,月別入力!$B:$B,設定!$B18) -> 0 | ... X18: =SUMIFS(月別入力!$I:$I,月別入力!$E:$E,設定!$C18,月別入力!$D:$D,設定!X$8,月別入力!$B:$B,設定!$B18) -> 0
B19: =B$10 -> <=12 | G19: =SUM(H19:X19) -> 0 | H19: =SUMIFS(月別入力!$I:$I,月別入力!$E:$E,設定!$C19,月別入力!$D:$D,設定!H$8,月別入力!$B:$B,設定!$B19) -> 0 | I19: =SUMIFS(月別入力!$I:$I,月別入力!$E:$E,設定!$C19,月別入力!$D:$D,設定!I$8,月別入力!$B:$B,設定!$B19) -> 0 | J19: =SUMIFS(月別入力!$I:$I,月別入力!$E:$E,設定!$C19,月別入力!$D:$D,設定!J$8,月別入力!$B:$B,設定!$B19) -> 0 | K19: =SUMIFS(月別入力!$I:$I,月別入力!$E:$E,設定!$C19,月別入力!$D:$D,設定!K$8,月別入力!$B:$B,設定!$B19) -> 0 | L19: =SUMIFS(月別入力!$I:$I,月別入力!$E:$E,設定!$C19,月別入力!$D:$D,設定!L$8,月別入力!$B:$B,設定!$B19) -> 0 | M19: =SUMIFS(月別入力!$I:$I,月別入力!$E:$E,設定!$C19,月別入力!$D:$D,設定!M$8,月別入力!$B:$B,設定!$B19) -> 0 | N19: =SUMIFS(月別入力!$I:$I,月別入力!$E:$E,設定!$C19,月別入力!$D:$D,設定!N$8,月別入力!$B:$B,設定!$B19) -> 0 | O19: =SUMIFS(月別入力!$I:$I,月別入力!$E:$E,設定!$C19,月別入力!$D:$D,設定!O$8,月別入力!$B:$B,設定!$B19) -> 0 | ... X19: =SUMIFS(月別入力!$I:$I,月別入力!$E:$E,設定!$C19,月別入力!$D:$D,設定!X$8,月別入力!$B:$B,設定!$B19) -> 0
B20: =B$10 -> <=12 | G20: =SUM(H20:X20) -> 0 | H20: =SUMIFS(月別入力!$I:$I,月別入力!$E:$E,設定!$C20,月別入力!$D:$D,設定!H$8,月別入力!$B:$B,設定!$B20) -> 0 | I20: =SUMIFS(月別入力!$I:$I,月別入力!$E:$E,設定!$C20,月別入力!$D:$D,設定!I$8,月別入力!$B:$B,設定!$B20) -> 0 | J20: =SUMIFS(月別入力!$I:$I,月別入力!$E:$E,設定!$C20,月別入力!$D:$D,設定!J$8,月別入力!$B:$B,設定!$B20) -> 0 | K20: =SUMIFS(月別入力!$I:$I,月別入力!$E:$E,設定!$C20,月別入力!$D:$D,設定!K$8,月別入力!$B:$B,設定!$B20) -> 0 | L20: =SUMIFS(月別入力!$I:$I,月別入力!$E:$E,設定!$C20,月別入力!$D:$D,設定!L$8,月別入力!$B:$B,設定!$B20) -> 0 | M20: =SUMIFS(月別入力!$I:$I,月別入力!$E:$E,設定!$C20,月別入力!$D:$D,設定!M$8,月別入力!$B:$B,設定!$B20) -> 0 | N20: =SUMIFS(月別入力!$I:$I,月別入力!$E:$E,設定!$C20,月別入力!$D:$D,設定!N$8,月別入力!$B:$B,設定!$B20) -> 0 | O20: =SUMIFS(月別入力!$I:$I,月別入力!$E:$E,設定!$C20,月別入力!$D:$D,設定!O$8,月別入力!$B:$B,設定!$B20) -> 0 | ... X20: =SUMIFS(月別入力!$I:$I,月別入力!$E:$E,設定!$C20,月別入力!$D:$D,設定!X$8,月別入力!$B:$B,設定!$B20) -> 0
B21: =B$10 -> <=12 | G21: =SUM(H21:X21) -> 0 | H21: =SUMIFS(月別入力!$I:$I,月別入力!$E:$E,設定!$C21,月別入力!$D:$D,設定!H$8,月別入力!$B:$B,設定!$B21) -> 0 | I21: =SUMIFS(月別入力!$I:$I,月別入力!$E:$E,設定!$C21,月別入力!$D:$D,設定!I$8,月別入力!$B:$B,設定!$B21) -> 0 | J21: =SUMIFS(月別入力!$I:$I,月別入力!$E:$E,設定!$C21,月別入力!$D:$D,設定!J$8,月別入力!$B:$B,設定!$B21) -> 0 | K21: =SUMIFS(月別入力!$I:$I,月別入力!$E:$E,設定!$C21,月別入力!$D:$D,設定!K$8,月別入力!$B:$B,設定!$B21) -> 0 | L21: =SUMIFS(月別入力!$I:$I,月別入力!$E:$E,設定!$C21,月別入力!$D:$D,設定!L$8,月別入力!$B:$B,設定!$B21) -> 0 | M21: =SUMIFS(月別入力!$I:$I,月別入力!$E:$E,設定!$C21,月別入力!$D:$D,設定!M$8,月別入力!$B:$B,設定!$B21) -> 0 | N21: =SUMIFS(月別入力!$I:$I,月別入力!$E:$E,設定!$C21,月別入力!$D:$D,設定!N$8,月別入力!$B:$B,設定!$B21) -> 0 | O21: =SUMIFS(月別入力!$I:$I,月別入力!$E:$E,設定!$C21,月別入力!$D:$D,設定!O$8,月別入力!$B:$B,設定!$B21) -> 0 | ... X21: =SUMIFS(月別入力!$I:$I,月別入力!$E:$E,設定!$C21,月別入力!$D:$D,設定!X$8,月別入力!$B:$B,設定!$B21) -> 0
B22: =B$10 -> <=12 | G22: =SUM(H22:X22) -> 0 | H22: =SUMIFS(月別入力!$I:$I,月別入力!$E:$E,設定!$C22,月別入力!$D:$D,設定!H$8,月別入力!$B:$B,設定!$B22) -> 0 | I22: =SUMIFS(月別入力!$I:$I,月別入力!$E:$E,設定!$C22,月別入力!$D:$D,設定!I$8,月別入力!$B:$B,設定!$B22) -> 0 | J22: =SUMIFS(月別入力!$I:$I,月別入力!$E:$E,設定!$C22,月別入力!$D:$D,設定!J$8,月別入力!$B:$B,設定!$B22) -> 0 | K22: =SUMIFS(月別入力!$I:$I,月別入力!$E:$E,設定!$C22,月別入力!$D:$D,設定!K$8,月別入力!$B:$B,設定!$B22) -> 0 | L22: =SUMIFS(月別入力!$I:$I,月別入力!$E:$E,設定!$C22,月別入力!$D:$D,設定!L$8,月別入力!$B:$B,設定!$B22) -> 0 | M22: =SUMIFS(月別入力!$I:$I,月別入力!$E:$E,設定!$C22,月別入力!$D:$D,設定!M$8,月別入力!$B:$B,設定!$B22) -> 0 | N22: =SUMIFS(月別入力!$I:$I,月別入力!$E:$E,設定!$C22,月別入力!$D:$D,設定!N$8,月別入力!$B:$B,設定!$B22) -> 0 | O22: =SUMIFS(月別入力!$I:$I,月別入力!$E:$E,設定!$C22,月別入力!$D:$D,設定!O$8,月別入力!$B:$B,設定!$B22) -> 0 | ... X22: =SUMIFS(月別入力!$I:$I,月別入力!$E:$E,設定!$C22,月別入力!$D:$D,設定!X$8,月別入力!$B:$B,設定!$B22) -> 0
... B109: =B$10 -> <=12 | G109: =SUM(H109:X109) -> 0 | H109: =SUMIFS(月別入力!$I:$I,月別入力!$E:$E,設定!$C109,月別入力!$D:$D,設定!H$8,月別入力!$B:$B,設定!$B109) -> 0 | I109: =SUMIFS(月別入力!$I:$I,月別入力!$E:$E,設定!$C109,月別入力!$D:$D,設定!I$8,月別入力!$B:$B,設定!$B109) -> 0 | J109: =SUMIFS(月別入力!$I:$I,月別入力!$E:$E,設定!$C109,月別入力!$D:$D,設定!J$8,月別入力!$B:$B,設定!$B109) -> 0 | K109: =SUMIFS(月別入力!$I:$I,月別入力!$E:$E,設定!$C109,月別入力!$D:$D,設定!K$8,月別入力!$B:$B,設定!$B109) -> 0 | L109: =SUMIFS(月別入力!$I:$I,月別入力!$E:$E,設定!$C109,月別入力!$D:$D,設定!L$8,月別入力!$B:$B,設定!$B109) -> 0 | M109: =SUMIFS(月別入力!$I:$I,月別入力!$E:$E,設定!$C109,月別入力!$D:$D,設定!M$8,月別入力!$B:$B,設定!$B109) -> 0 | N109: =SUMIFS(月別入力!$I:$I,月別入力!$E:$E,設定!$C109,月別入力!$D:$D,設定!N$8,月別入力!$B:$B,設定!$B109) -> 0 | O109: =SUMIFS(月別入力!$I:$I,月別入力!$E:$E,設定!$C109,月別入力!$D:$D,設定!O$8,月別入力!$B:$B,設定!$B109) -> 0 | ... X109: =SUMIFS(月別入力!$I:$I,月別入力!$E:$E,設定!$C109,月別入力!$D:$D,設定!X$8,月別入力!$B:$B,設定!$B109) -> 0

Sheet 月別入力
B1: 農産物生産費統計 入力シート（月別）
B2: 2020センサス番号 <自動>
B3: =設定!B3 -> 0
B5: 月 | C5: 作業 <入力> | D5: →集計分類 <選択> | E5: 作業者 <選択> | F5: 性別 <自動> | G5: 年齢 <自動> | H5: 雇用形態 <自動> | I5: 労働時間 <入力>
F7: =IFERROR(VLOOKUP($E7,設定!$C:$F,2,0),"") | G7: =IFERROR(VLOOKUP($E7,設定!$C:$F,3,0),"") | H7: =IFERROR(VLOOKUP($E7,設定!$C:$F,4,0),"")
F8: =IFERROR(VLOOKUP($E8,設定!$C:$F,2,0),"") | G8: =IFERROR(VLOOKUP($E8,設定!$C:$F,3,0),"") | H8: =IFERROR(VLOOKUP($E8,設定!$C:$F,4,0),"")
F9: =IFERROR(VLOOKUP($E9,設定!$C:$F,2,0),"") | G9: =IFERROR(VLOOKUP($E9,設定!$C:$F,3,0),"") | H9: =IFERROR(VLOOKUP($E9,設定!$C:$F,4,0),"")
F10: =IFERROR(VLOOKUP($E10,設定!$C:$F,2,0),"") | G10: =IFERROR(VLOOKUP($E10,設定!$C:$F,3,0),"") | H10: =IFERROR(VLOOKUP($E10,設定!$C:$F,4,0),"")
F11: =IFERROR(VLOOKUP($E11,設定!$C:$F,2,0),"") | G11: =IFERROR(VLOOKUP($E11,設定!$C:$F,3,0),"") | H11: =IFERROR(VLOOKUP($E11,設定!$C:$F,4,0),"")
F12: =IFERROR(VLOOKUP($E12,設定!$C:$F,2,0),"") | G12: =IFERROR(VLOOKUP($E12,設定!$C:$F,3,0),"") | H12: =IFERROR(VLOOKUP($E12,設定!$C:$F,4,0),"")
F13: =IFERROR(VLOOKUP($E13,設定!$C:$F,2,0),"") | G13: =IFERROR(VLOOKUP($E13,設定!$C:$F,3,0),"") | H13: =IFERROR(VLOOKUP($E13,設定!$C:$F,4,0),"")
F14: =IFERROR(VLOOKUP($E14,設定!$C:$F,2,0),"") | G14: =IFERROR(VLOOKUP($E14,設定!$C:$F,3,0),"") | H14: =IFERROR(VLOOKUP($E14,設定!$C:$F,4,0),"")
F15: =IFERROR(VLOOKUP($E15,設定!$C:$F,2,0),"") | G15: =IFERROR(VLOOKUP($E15,設定!$C:$F,3,0),"") | H15: =IFERROR(VLOOKUP($E15,設定!$C:$F,4,0),"")
F16: =IFERROR(VLOOKUP($E16,設定!$C:$F,2,0),"") | G16: =IFERROR(VLOOKUP($E16,設定!$C:$F,3,0),"") | H16: =IFERROR(VLOOKUP($E16,設定!$C:$F,4,0),"")
F17: =IFERROR(VLOOKUP($E17,設定!$C:$F,2,0),"") | G17: =IFERROR(VLOOKUP($E17,設定!$C:$F,3,0),"") | H17: =IFERROR(VLOOKUP($E17,設定!$C:$F,4,0),"")
F18: =IFERROR(VLOOKUP($E18,設定!$C:$F,2,0),"") | G18: =IFERROR(VLOOKUP($E18,設定!$C:$F,3,0),"") | H18: =IFERROR(VLOOKUP($E18,設定!$C:$F,4,0),"")
... F106: =IFERROR(VLOOKUP($E106,設定!$C:$F,2,0),"") | G106: =IFERROR(VLOOKUP($E106,設定!$C:$F,3,0),"") | H106: =IFERROR(VLOOKUP($E106,設定!$C:$F,4,0),"")

Sheet 【12】作業別労働時間①_個別
A1: 農産物生産費統計 調査票貼付シート | BB1: 【職員記入欄】
A2: 【12】作業別労働時間 | BB2: 【12】作業別労働時間
BB6: 作業別労働時間
A7: １ 家族労働時間 | AJ7: ２ 雇用労働時間
U9: 単位：時間 | AX9: 単位：時間 | BM9: 単位：時間
C10: 作業 種類 | F10: 内容例示 | P10: 1 | Q10: 2 | R10: 3 | S10: 4 | T10: 5 | U10: 6 | V10: 7 | W10: 8 | X10: 9 | Y10: 10 | Z10: 11 | AA10: 12 | AB10: 13 | AC10: 14 | AD10: 15 | AE10: 16 | AF10: 17 | AG10: 18 | AH10: 19 | AI10: 20 | AJ10: 雇用労働 時間 男 | AK10: 雇用労働 時間 女 | AL10: 作業 種類 | AO10: 内容例示 | BD10: 家族 | BG10: 雇用
M11: 氏名 | P11: =リスト!T2 | Q11: =リスト!T3 | R11: =リスト!T4 | S11: =リスト!T5 | T11: =リスト!T6 | U11: =リスト!T7 | V11: =リスト!T8 | W11: =リスト!T9 | X11: =リスト!T10 | Y11: =リスト!T11 | Z11: =リスト!T12 | AA11: =リスト!T13 | AB11: =リスト!T14 | AC11: =リスト!T15 | AD11: =リスト!T16 | AE11: =リスト!T17 | AF11: =リスト!T18 | AG11: =リスト!T19 | AH11: =リスト!T20 | AI11: =リスト!T21 | BD11: 男 | BE11: 女 | BF11: 小計 | BG11: 男 | BJ11: 女 | BM11: 小 計
M12: 性別 | P12: =IFERROR(VLOOKUP(P11,設定!$C:$E,2,0),"") | Q12: =IFERROR(VLOOKUP(Q11,設定!$C:$E,2,0),"") | R12: =IFERROR(VLOOKUP(R11,設定!$C:$E,2,0),"") | S12: =IFERROR(VLOOKUP(S11,設定!$C:$E,2,0),"") | T12: =IFERROR(VLOOKUP(T11,設定!$C:$E,2,0),"") | U12: =IFERROR(VLOOKUP(U11,設定!$C:$E,2,0),"") | V12: =IFERROR(VLOOKUP(V11,設定!$C:$E,2,0),"") | W12: =IFERROR(VLOOKUP(W11,設定!$C:$E,2,0),"") | ... AI12: =IFERROR(VLOOKUP(AI11,設定!$C:$E,2,0),"") | BG12: 雇用 | BH12: 同居人、手伝い・共同作業受け | BI12: 計 | BJ12: 雇用 | BK12: 同居人、手伝い・共同作業受け | BL12: 計
M13: 年齢 | P13: =IFERROR(VLOOKUP(P11,設定!$C:$E,3,0),"") | Q13: =IFERROR(VLOOKUP(Q11,設定!$C:$E,3,0),"") | R13: =IFERROR(VLOOKUP(R11,設定!$C:$E,3,0),"") | S13: =IFERROR(VLOOKUP(S11,設定!$C:$E,3,0),"") | T13: =IFERROR(VLOOKUP(T11,設定!$C:$E,3,0),"") | U13: =IFERROR(VLOOKUP(U11,設定!$C:$E,3,0),"") | V13: =IFERROR(VLOOKUP(V11,設定!$C:$E,3,0),"") | W13: =IFERROR(VLOOKUP(W11,設定!$C:$E,3,0),"") | ... AI13: =IFERROR(VLOOKUP(AI11,設定!$C:$E,3,0),"")
A14: 【職員記入欄】 | F14: 該当する人別区分を 選択してください。 | M14: 人別区分 | P14: =IFERROR(VLOOKUP(P11,設定!$C:$F,4,0),"") | Q14: =IFERROR(VLOOKUP(Q11,設定!$C:$F,4,0),"") | R14: =IFERROR(VLOOKUP(R11,設定!$C:$F,4,0),"") | S14: =IFERROR(VLOOKUP(S11,設定!$C:$F,4,0),"") | T14: =IFERROR(VLOOKUP(T11,設定!$C:$F,4,0),"") | U14: =IFERROR(VLOOKUP(U11,設定!$C:$F,4,0),"") | V14: =IFERROR(VLOOKUP(V11,設定!$C:$F,4,0),"") | W14: =IFERROR(VLOOKUP(W11,設定!$C:$F,4,0),"") | ... AI14: =IFERROR(VLOOKUP(AI11,設定!$C:$F,4,0),"") | BB14: 計 | BD14: =SUBTOTAL(109,BD15:BD30) -> 0 | BE14: =SUBTOTAL(109,BE15:BE30) -> 0 | BF14: =SUM(BD14:BE14) -> 0 | BG14: =SUBTOTAL(109,BG15:BG29) -> 0 | BH14: =SUBTOTAL(109,BH15:BH29) -> 0 | BI14: =SUM(BG14:BH14) -> 0 | BJ14: =SUBTOTAL(109,BJ15:BJ29) -> 0 | BK14: =SUBTOTAL(109,BK15:BK29) -> 0 | BL14: =SUM(BJ14:BK14) -> 0 | BM14: =SUM(BI14,BL14) -> 0
C15: =設定!H8 | P15: =ROUND(SUMIFS(月別入力!$I:$I,月別入力!$D:$D,$C15,月別入力!$E:$E,P$11),1) -> 0 | Q15: =ROUND(SUMIFS(月別入力!$I:$I,月別入力!$D:$D,$C15,月別入力!$E:$E,Q$11),1) -> 0 | R15: =ROUND(SUMIFS(月別入力!$I:$I,月別入力!$D:$D,$C15,月別入力!$E:$E,R$11),1) -> 0 | S15: =ROUND(SUMIFS(月別入力!$I:$I,月別入力!$D:$D,$C15,月別入力!$E:$E,S$11),1) -> 0 | T15: =ROUND(SUMIFS(月別入力!$I:$I,月別入力!$D:$D,$C15,月別入力!$E:$E,T$11),1) -> 0 | U15: =ROUND(SUMIFS(月別入力!$I:$I,月別入力!$D:$D,$C15,月別入力!$E:$E,U$11),1) -> 0 | V15: =ROUND(SUMIFS(月別入力!$I:$I,月別入力!$D:$D,$C15,月別入力!$E:$E,V$11),1) -> 0 | W15: =ROUND(SUMIFS(月別入力!$I:$I,月別入力!$D:$D,$C15,月別入力!$E:$E,W$11),1) -> 0 | ... AI15: =ROUND(SUMIFS(月別入力!$I:$I,月別入力!$D:$D,$C15,月別入力!$E:$E,AI$11),1) -> 0 | AJ15: =ROUND(SUMIFS(月別入力!$I:$I,月別入力!$D:$D,$C15,月別入力!$H:$H,"[5]雇用",月別入力!$F:$F,"[1]男"),1) -> 0 | AK15: =ROUND(SUMIFS(月別入力!$I:$I,月別入力!$D:$D,$C15,月別入力!$H:$H,"[5]雇用",月別入力!$F:$F,"[2]女"),1) -> 0 | AL15: =C15 | BB15: 直接労働時間 | BC15: 種子予措 | BD15: =SUM(SUMIFS(P15:AI15,P14:AI14,{"[1]家族","[3]ゆい・手間替え受け"},P12:AI12,"[1]男")) -> 0 | BE15: =SUM(SUMIFS(P15:AI15,P14:AI14,{"[1]家族","[3]ゆい・手間替え受け"},P12:AI12,"[2]女")) -> 0 | BF15: =SUM(BD15:BE15) -> 0 | BG15: =AJ15 -> 0 | BH15: =SUM(SUMIFS(P15:AI15,P14:AI14,{"[2]同居人","[4]手伝い・共同作業受け"},P12:AI12,"[1]男")) -> 0 | BI15: =SUM(BG15:BH15) -> 0 | BJ15: =AK15 -> 0 | BK15: =SUM(SUMIFS(P15:AI15,P14:AI14,{"[2]同居人","[4]手伝い・共同作業受け"},P12:AI12,"[2]女")) -> 0 | BL15: =SUM(BJ15:BK15) -> 0 | BM15: =SUM(BI15,BL15) -> 0
C16: =設定!I8 | P16: =ROUND(SUMIFS(月別入力!$I:$I,月別入力!$D:$D,$C16,月別入力!$E:$E,P$11),1) -> 0 | Q16: =ROUND(SUMIFS(月別入力!$I:$I,月別入力!$D:$D,$C16,月別入力!$E:$E,Q$11),1) -> 0 | R16: =ROUND(SUMIFS(月別入力!$I:$I,月別入力!$D:$D,$C16,月別入力!$E:$E,R$11),1) -> 0 | S16: =ROUND(SUMIFS(月別入力!$I:$I,月別入力!$D:$D,$C16,月別入力!$E:$E,S$11),1) -> 0 | T16: =ROUND(SUMIFS(月別入力!$I:$I,月別入力!$D:$D,$C16,月別入力!$E:$E,T$11),1) -> 0 | U16: =ROUND(SUMIFS(月別入力!$I:$I,月別入力!$D:$D,$C16,月別入力!$E:$E,U$11),1) -> 0 | V16: =ROUND(SUMIFS(月別入力!$I:$I,月別入力!$D:$D,$C16,月別入力!$E:$E,V$11),1) -> 0 | W16: =ROUND(SUMIFS(月別入力!$I:$I,月別入力!$D:$D,$C16,月別入力!$E:$E,W$11),1) -> 0 | ... AI16: =ROUND(SUMIFS(月別入力!$I:$I,月別入力!$D:$D,$C16,月別入力!$E:$E,AI$11),1) -> 0 | AJ16: =ROUND(SUMIFS(月別入力!$I:$I,月別入力!$D:$D,$C16,月別入力!$H:$H,"[5]雇用",月別入力!$F:$F,"[1]男"),1) -> 0 | AK16: =ROUND(SUMIFS(月別入力!$I:$I,月別入力!$D:$D,$C16,月別入力!$H:$H,"[5]雇用",月別入力!$F:$F,"[2]女"),1) -> 0 | AL16: =C16 | BC16: 育苗 | BD16: =SUM(SUMIFS(P16:AI16,P14:AI14,{"[1]家族","[3]ゆい・手間替え受け"},P12:AI12,"[1]男")) -> 0 | BE16: =SUM(SUMIFS(P16:AI16,P14:AI14,{"[1]家族","[3]ゆい・手間替え受け"},P12:AI12,"[2]女")) -> 0 | BF16: =SUM(BD16:BE16) -> 0 | BG16: =AJ16 -> 0 | BH16: =SUM(SUMIFS(P16:AI16,P14:AI14,{"[2]同居人","[4]手伝い・共同作業受け"},P12:AI12,"[1]男")) -> 0 | BI16: =SUM(BG16:BH16) -> 0 | BJ16: =AK16 -> 0 | BK16: =SUM(SUMIFS(P16:AI16,P14:AI14,{"[2]同居人","[4]手伝い・共同作業受け"},P12:AI12,"[2]女")) -> 0 | BL16: =SUM(BJ16:BK16) -> 0 | BM16: =SUM(BI16,BL16) -> 0
C17: =設定!J8 | P17: =ROUND(SUMIFS(月別入力!$I:$I,月別入力!$D:$D,$C17,月別入力!$E:$E,P$11),1) -> 0 | Q17: =ROUND(SUMIFS(月別入力!$I:$I,月別入力!$D:$D,$C17,月別入力!$E:$E,Q$11),1) -> 0 | R17: =ROUND(SUMIFS(月別入力!$I:$I,月別入力!$D:$D,$C17,月別入力!$E:$E,R$11),1) -> 0 | S17: =ROUND(SUMIFS(月別入力!$I:$I,月別入力!$D:$D,$C17,月別入力!$E:$E,S$11),1) -> 0 | T17: =ROUND(SUMIFS(月別入力!$I:$I,月別入力!$D:$D,$C17,月別入力!$E:$E,T$11),1) -> 0 | U17: =ROUND(SUMIFS(月別入力!$I:$I,月別入力!$D:$D,$C17,月別入力!$E:$E,U$11),1) -> 0 | V17: =ROUND(SUMIFS(月別入力!$I:$I,月別入力!$D:$D,$C17,月別入力!$E:$E,V$11),1) -> 0 | W17: =ROUND(SUMIFS(月別入力!$I:$I,月別入力!$D:$D,$C17,月別入力!$E:$E,W$11),1) -> 0 | ... AI17: =ROUND(SUMIFS(月別入力!$I:$I,月別入力!$D:$D,$C17,月別入力!$E:$E,AI$11),1) -> 0 | AJ17: =ROUND(SUMIFS(月別入力!$I:$I,月別入力!$D:$D,$C17,月別入力!$H:$H,"[5]雇用",月別入力!$F:$F,"[1]男"),1) -> 0 | AK17: =ROUND(SUMIFS(月別入力!$I:$I,月別入力!$D:$D,$C17,月別入力!$H:$H,"[5]雇用",月別入力!$F:$F,"[2]女"),1) -> 0 | AL17: =C17 | BC17: 耕起整地 | BD17: =SUM(SUMIFS(P17:AI17,P14:AI14,{"[1]家族","[3]ゆい・手間替え受け"},P12:AI12,"[1]男")) -> 0 | BE17: =SUM(SUMIFS(P17:AI17,P14:AI14,{"[1]家族","[3]ゆい・手間替え受け"},P12:AI12,"[2]女")) -> 0 | BF17: =SUM(BD17:BE17) -> 0 | BG17: =AJ17 -> 0 | BH17: =SUM(SUMIFS(P17:AI17,P14:AI14,{"[2]同居人","[4]手伝い・共同作業受け"},P12:AI12,"[1]男")) -> 0 | BI17: =SUM(BG17:BH17) -> 0 | BJ17: =AK17 -> 0 | BK17: =SUM(SUMIFS(P17:AI17,P14:AI14,{"[2]同居人","[4]手伝い・共同作業受け"},P12:AI12,"[2]女")) -> 0 | BL17: =SUM(BJ17:BK17) -> 0 | BM17: =SUM(BI17,BL17) -> 0
C18: =設定!K8 | P18: =ROUND(SUMIFS(月別入力!$I:$I,月別入力!$D:$D,$C18,月別入力!$E:$E,P$11),1) -> 0 | Q18: =ROUND(SUMIFS(月別入力!$I:$I,月別入力!$D:$D,$C18,月別入力!$E:$E,Q$11),1) -> 0 | R18: =ROUND(SUMIFS(月別入力!$I:$I,月別入力!$D:$D,$C18,月別入力!$E:$E,R$11),1) -> 0 | S18: =ROUND(SUMIFS(月別入力!$I:$I,月別入力!$D:$D,$C18,月別入力!$E:$E,S$11),1) -> 0 | T18: =ROUND(SUMIFS(月別入力!$I:$I,月別入力!$D:$D,$C18,月別入力!$E:$E,T$11),1) -> 0 | U18: =ROUND(SUMIFS(月別入力!$I:$I,月別入力!$D:$D,$C18,月別入力!$E:$E,U$11),1) -> 0 | V18: =ROUND(SUMIFS(月別入力!$I:$I,月別入力!$D:$D,$C18,月別入力!$E:$E,V$11),1) -> 0 | W18: =ROUND(SUMIFS(月別入力!$I:$I,月別入力!$D:$D,$C18,月別入力!$E:$E,W$11),1) -> 0 | ... AI18: =ROUND(SUMIFS(月別入力!$I:$I,月別入力!$D:$D,$C18,月別入力!$E:$E,AI$11),1) -> 0 | AJ18: =ROUND(SUMIFS(月別入力!$I:$I,月別入力!$D:$D,$C18,月別入力!$H:$H,"[5]雇用",月別入力!$F:$F,"[1]男"),1) -> 0 | AK18: =ROUND(SUMIFS(月別入力!$I:$I,月別入力!$D:$D,$C18,月別入力!$H:$H,"[5]雇用",月別入力!$F:$F,"[2]女"),1) -> 0 | AL18: =C18 | BC18: 基肥 | BD18: =SUM(SUMIFS(P18:AI18,P14:AI14,{"[1]家族","[3]ゆい・手間替え受け"},P12:AI12,"[1]男")) -> 0 | BE18: =SUM(SUMIFS(P18:AI18,P14:AI14,{"[1]家族","[3]ゆい・手間替え受け"},P12:AI12,"[2]女")) -> 0 | BF18: =SUM(BD18:BE18) -> 0 | BG18: =AJ18 -> 0 | BH18: =SUM(SUMIFS(P18:AI18,P14:AI14,{"[2]同居人","[4]手伝い・共同作業受け"},P12:AI12,"[1]男")) -> 0 | BI18: =SUM(BG18:BH18) -> 0 | BJ18: =AK18 -> 0 | BK18: =SUM(SUMIFS(P18:AI18,P14:AI14,{"[2]同居人","[4]手伝い・共同作業受け"},P12:AI12,"[2]女")) -> 0 | BL18: =SUM(BJ18:BK18) -> 0 | BM18: =SUM(BI18,BL18) -> 0
C19: =設定!L8 | P19: =ROUND(SUMIFS(月別入力!$I:$I,月別入力!$D:$D,$C19,月別入力!$E:$E,P$11),1) -> 0 | Q19: =ROUND(SUMIFS(月別入力!$I:$I,月別入力!$D:$D,$C19,月別入力!$E:$E,Q$11),1) -> 0 | R19: =ROUND(SUMIFS(月別入力!$I:$I,月別入力!$D:$D,$C19,月別入力!$E:$E,R$11),1) -> 0 | S19: =ROUND(SUMIFS(月別入力!$I:$I,月別入力!$D:$D,$C19,月別入力!$E:$E,S$11),1) -> 0 | T19: =ROUND(SUMIFS(月別入力!$I:$I,月別入力!$D:$D,$C19,月別入力!$E:$E,T$11),1) -> 0 | U19: =ROUND(SUMIFS(月別入力!$I:$I,月別入力!$D:$D,$C19,月別入力!$E:$E,U$11),1) -> 0 | V19: =ROUND(SUMIFS(月別入力!$I:$I,月別入力!$D:$D,$C19,月別入力!$E:$E,V$11),1) -> 0 | W19: =ROUND(SUMIFS(月別入力!$I:$I,月別入力!$D:$D,$C19,月別入力!$E:$E,W$11),1) -> 0 | ... AI19: =ROUND(SUMIFS(月別入力!$I:$I,月別入力!$D:$D,$C19,月別入力!$E:$E,AI$11),1) -> 0 | AJ19: =ROUND(SUMIFS(月別入力!$I:$I,月別入力!$D:$D,$C19,月別入力!$H:$H,"[5]雇用",月別入力!$F:$F,"[1]男"),1) -> 0 | AK19: =ROUND(SUMIFS(月別入力!$I:$I,月別入力!$D:$D,$C19,月別入力!$H:$H,"[5]雇用",月別入力!$F:$F,"[2]女"),1) -> 0 | AL19: =C19 | BC19: 直まき／は種 | BD19: =SUM(SUMIFS(P19:AI19,P14:AI14,{"[1]家族","[3]ゆい・手間替え受け"},P12:AI12,"[1]男")) -> 0 | BE19: =SUM(SUMIFS(P19:AI19,P14:AI14,{"[1]家族","[3]ゆい・手間替え受け"},P12:AI12,"[2]女")) -> 0 | BF19: =SUM(BD19:BE19) -> 0 | BG19: =AJ19 -> 0 | BH19: =SUM(SUMIFS(P19:AI19,P14:AI14,{"[2]同居人","[4]手伝い・共同作業受け"},P12:AI12,"[1]男")) -> 0 | BI19: =SUM(BG19:BH19) -> 0 | BJ19: =AK19 -> 0 | BK19: =SUM(SUMIFS(P19:AI19,P14:AI14,{"[2]同居人","[4]手伝い・共同作業受け"},P12:AI12,"[2]女")) -> 0 | BL19: =SUM(BJ19:BK19) -> 0 | BM19: =SUM(BI19,BL19) -> 0
C20: =設定!M8 | P20: =ROUND(SUMIFS(月別入力!$I:$I,月別入力!$D:$D,$C20,月別入力!$E:$E,P$11),1) -> 0 | Q20: =ROUND(SUMIFS(月別入力!$I:$I,月別入力!$D:$D,$C20,月別入力!$E:$E,Q$11),1) -> 0 | R20: =ROUND(SUMIFS(月別入力!$I:$I,月別入力!$D:$D,$C20,月別入力!$E:$E,R$11),1) -> 0 | S20: =ROUND(SUMIFS(月別入力!$I:$I,月別入力!$D:$D,$C20,月別入力!$E:$E,S$11),1) -> 0 | T20: =ROUND(SUMIFS(月別入力!$I:$I,月別入力!$D:$D,$C20,月別入力!$E:$E,T$11),1) -> 0 | U20: =ROUND(SUMIFS(月別入力!$I:$I,月別入力!$D:$D,$C20,月別入力!$E:$E,U$11),1) -> 0 | V20: =ROUND(SUMIFS(月別入力!$I:$I,月別入力!$D:$D,$C20,月別入力!$E:$E,V$11),1) -> 0 | W20: =ROUND(SUMIFS(月別入力!$I:$I,月別入力!$D:$D,$C20,月別入力!$E:$E,W$11),1) -> 0 | ... AI20: =ROUND(SUMIFS(月別入力!$I:$I,月別入力!$D:$D,$C20,月別入力!$E:$E,AI$11),1) -> 0 | AJ20: =ROUND(SUMIFS(月別入力!$I:$I,月別入力!$D:$D,$C20,月別入力!$H:$H,"[5]雇用",月別入力!$F:$F,"[1]男"),1) -> 0 | AK20: =ROUND(SUMIFS(月別入力!$I:$I,月別入力!$D:$D,$C20,月別入力!$H:$H,"[5]雇用",月別入力!$F:$F,"[2]女"),1) -> 0 | AL20: =C20 | BC20: 田植／定植 | BD20: =SUM(SUMIFS(P20:AI20,P14:AI14,{"[1]家族","[3]ゆい・手間替え受け"},P12:AI12,"[1]男")) -> 0 | BE20: =SUM(SUMIFS(P20:AI20,P14:AI14,{"[1]家族","[3]ゆい・手間替え受け"},P12:AI12,"[2]女")) -> 0 | BF20: =SUM(BD20:BE20) -> 0 | BG20: =AJ20 -> 0 | BH20: =SUM(SUMIFS(P20:AI20,P14:AI14,{"[2]同居人","[4]手伝い・共同作業受け"},P12:AI12,"[1]男")) -> 0 | BI20: =SUM(BG20:BH20) -> 0 | BJ20: =AK20 -> 0 | BK20: =SUM(SUMIFS(P20:AI20,P14:AI14,{"[2]同居人","[4]手伝い・共同作業受け"},P12:AI12,"[2]女")) -> 0 | BL20: =SUM(BJ20:BK20) -> 0 | BM20: =SUM(BI20,BL20) -> 0
C21: =設定!N8 | P21: =ROUND(SUMIFS(月別入力!$I:$I,月別入力!$D:$D,$C21,月別入力!$E:$E,P$11),1) -> 0 | Q21: =ROUND(SUMIFS(月別入力!$I:$I,月別入力!$D:$D,$C21,月別入力!$E:$E,Q$11),1) -> 0 | R21: =ROUND(SUMIFS(月別入力!$I:$I,月別入力!$D:$D,$C21,月別入力!$E:$E,R$11),1) -> 0 | S21: =ROUND(SUMIFS(月別入力!$I:$I,月別入力!$D:$D,$C21,月別入力!$E:$E,S$11),1) -> 0 | T21: =ROUND(SUMIFS(月別入力!$I:$I,月別入力!$D:$D,$C21,月別入力!$E:$E,T$11),1) -> 0 | U21: =ROUND(SUMIFS(月別入力!$I:$I,月別入力!$D:$D,$C21,月別入力!$E:$E,U$11),1) -> 0 | V21: =ROUND(SUMIFS(月別入力!$I:$I,月別入力!$D:$D,$C21,月別入力!$E:$E,V$11),1) -> 0 | W21: =ROUND(SUMIFS(月別入力!$I:$I,月別入力!$D:$D,$C21,月別入力!$E:$E,W$11),1) -> 0 | ... AI21: =ROUND(SUMIFS(月別入力!$I:$I,月別入力!$D:$D,$C21,月別入力!$E:$E,AI$11),1) -> 0 | AJ21: =ROUND(SUMIFS(月別入力!$I:$I,月別入力!$D:$D,$C21,月別入力!$H:$H,"[5]雇用",月別入力!$F:$F,"[1]男"),1) -> 0 | AK21: =ROUND(SUMIFS(月別入力!$I:$I,月別入力!$D:$D,$C21,月別入力!$H:$H,"[5]雇用",月別入力!$F:$F,"[2]女"),1) -> 0 | AL21: =C21 | BC21: 株分け | BD21: =SUM(SUMIFS(P21:AI21,P14:AI14,{"[1]家族","[3]ゆい・手間替え受け"},P12:AI12,"[1]男")) -> 0 | BE21: =SUM(SUMIFS(P21:AI21,P14:AI14,{"[1]家族","[3]ゆい・手間替え受け"},P12:AI12,"[2]女")) -> 0 | BF21: =SUM(BD21:BE21) -> 0 | BG21: =AJ21 -> 0 | BH21: =SUM(SUMIFS(P21:AI21,P14:AI14,{"[2]同居人","[4]手伝い・共同作業受け"},P12:AI12,"[1]男")) -> 0 | BI21: =SUM(BG21:BH21) -> 0 | BJ21: =AK21 -> 0 | BK21: =SUM(SUMIFS(P21:AI21,P14:AI14,{"[2]同居人","[4]手伝い・共同作業受け"},P12:AI12,"[2]女")) -> 0 | BL21: =SUM(BJ21:BK21) -> 0 | BM21: =SUM(BI21,BL21) -> 0
C22: =設定!O8 | P22: =ROUND(SUMIFS(月別入力!$I:$I,月別入力!$D:$D,$C22,月別入力!$E:$E,P$11),1) -> 0 | Q22: =ROUND(SUMIFS(月別入力!$I:$I,月別入力!$D:$D,$C22,月別入力!$E:$E,Q$11),1) -> 0 | R22: =ROUND(SUMIFS(月別入力!$I:$I,月別入力!$D:$D,$C22,月別入力!$E:$E,R$11),1) -> 0 | S22: =ROUND(SUMIFS(月別入力!$I:$I,月別入力!$D:$D,$C22,月別入力!$E:$E,S$11),1) -> 0 | T22: =ROUND(SUMIFS(月別入力!$I:$I,月別入力!$D:$D,$C22,月別入力!$E:$E,T$11),1) -> 0 | U22: =ROUND(SUMIFS(月別入力!$I:$I,月別入力!$D:$D,$C22,月別入力!$E:$E,U$11),1) -> 0 | V22: =ROUND(SUMIFS(月別入力!$I:$I,月別入力!$D:$D,$C22,月別入力!$E:$E,V$11),1) -> 0 | W22: =ROUND(SUMIFS(月別入力!$I:$I,月別入力!$D:$D,$C22,月別入力!$E:$E,W$11),1) -> 0 | ... AI22: =ROUND(SUMIFS(月別入力!$I:$I,月別入力!$D:$D,$C22,月別入力!$E:$E,AI$11),1) -> 0 | AJ22: =ROUND(SUMIFS(月別入力!$I:$I,月別入力!$D:$D,$C22,月別入力!$H:$H,"[5]雇用",月別入力!$F:$F,"[1]男"),1) -> 0 | AK22: =ROUND(SUMIFS(月別入力!$I:$I,月別入力!$D:$D,$C22,月別入力!$H:$H,"[5]雇用",月別入力!$F:$F,"[2]女"),1) -> 0 | AL22: =C22 | BC22: 追肥 | BD22: =SUM(SUMIFS(P22:AI22,P14:AI14,{"[1]家族","[3]ゆい・手間替え受け"},P12:AI12,"[1]男")) -> 0 | BE22: =SUM(SUMIFS(P22:AI22,P14:AI14,{"[1]家族","[3]ゆい・手間替え受け"},P12:AI12,"[2]女")) -> 0 | BF22: =SUM(BD22:BE22) -> 0 | BG22: =AJ22 -> 0 | BH22: =SUM(SUMIFS(P22:AI22,P14:AI14,{"[2]同居人","[4]手伝い・共同作業受け"},P12:AI12,"[1]男")) -> 0 | BI22: =SUM(BG22:BH22) -> 0 | BJ22: =AK22 -> 0 | BK22: =SUM(SUMIFS(P22:AI22,P14:AI14,{"[2]同居人","[4]手伝い・共同作業受け"},P12:AI12,"[2]女")) -> 0 | BL22: =SUM(BJ22:BK22) -> 0 | BM22: =SUM(BI22,BL22) -> 0
C23: =設定!P8 | P23: =ROUND(SUMIFS(月別入力!$I:$I,月別入力!$D:$D,$C23,月別入力!$E:$E,P$11),1) -> 0 | Q23: =ROUND(SUMIFS(月別入力!$I:$I,月別入力!$D:$D,$C23,月別入力!$E:$E,Q$11),1) -> 0 | R23: =ROUND(SUMIFS(月別入力!$I:$I,月別入力!$D:$D,$C23,月別入力!$E:$E,R$11),1) -> 0 | S23: =ROUND(SUMIFS(月別入力!$I:$I,月別入力!$D:$D,$C23,月別入力!$E:$E,S$11),1) -> 0 | T23: =ROUND(SUMIFS(月別入力!$I:$I,月別入力!$D:$D,$C23,月別入力!$E:$E,T$11),1) -> 0 | U23: =ROUND(SUMIFS(月別入力!$I:$I,月別入力!$D:$D,$C23,月別入力!$E:$E,U$11),1) -> 0 | V23: =ROUND(SUMIFS(月別入力!$I:$I,月別入力!$D:$D,$C23,月別入力!$E:$E,V$11),1) -> 0 | W23: =ROUND(SUMIFS(月別入力!$I:$I,月別入力!$D:$D,$C23,月別入力!$E:$E,W$11),1) -> 0 | ... AI23: =ROUND(SUMIFS(月別入力!$I:$I,月別入力!$D:$D,$C23,月別入力!$E:$E,AI$11),1) -> 0 | AJ23: =ROUND(SUMIFS(月別入力!$I:$I,月別入力!$D:$D,$C23,月別入力!$H:$H,"[5]雇用",月別入力!$F:$F,"[1]男"),1) -> 0 | AK23: =ROUND(SUMIFS(月別入力!$I:$I,月別入力!$D:$D,$C23,月別入力!$H:$H,"[5]雇用",月別入力!$F:$F,"[2]女"),1) -> 0 | AL23: =C23 | BC23: 除草／中耕除草 | BD23: =SUM(SUMIFS(P23:AI23,P14:AI14,{"[1]家族","[3]ゆい・手間替え受け"},P12:AI12,"[1]男")) -> 0 | BE23: =SUM(SUMIFS(P23:AI23,P14:AI14,{"[1]家族","[3]ゆい・手間替え受け"},P12:AI12,"[2]女")) -> 0 | BF23: =SUM(BD23:BE23) -> 0 | BG23: =AJ23 -> 0 | BH23: =SUM(SUMIFS(P23:AI23,P14:AI14,{"[2]同居人","[4]手伝い・共同作業受け"},P12:AI12,"[1]男")) -> 0 | BI23: =SUM(BG23:BH23) -> 0 | BJ23: =AK23 -> 0 | BK23: =SUM(SUMIFS(P23:AI23,P14:AI14,{"[2]同居人","[4]手伝い・共同作業受け"},P12:AI12,"[2]女")) -> 0 | BL23: =SUM(BJ23:BK23) -> 0 | BM23: =SUM(BI23,BL23) -> 0
C24: =設定!Q8 | P24: =ROUND(SUMIFS(月別入力!$I:$I,月別入力!$D:$D,$C24,月別入力!$E:$E,P$11),1) -> 0 | Q24: =ROUND(SUMIFS(月別入力!$I:$I,月別入力!$D:$D,$C24,月別入力!$E:$E,Q$11),1) -> 0 | R24: =ROUND(SUMIFS(月別入力!$I:$I,月別入力!$D:$D,$C24,月別入力!$E:$E,R$11),1) -> 0 | S24: =ROUND(SUMIFS(月別入力!$I:$I,月別入力!$D:$D,$C24,月別入力!$E:$E,S$11),1) -> 0 | T24: =ROUND(SUMIFS(月別入力!$I:$I,月別入力!$D:$D,$C24,月別入力!$E:$E,T$11),1) -> 0 | U24: =ROUND(SUMIFS(月別入力!$I:$I,月別入力!$D:$D,$C24,月別入力!$E:$E,U$11),1) -> 0 | V24: =ROUND(SUMIFS(月別入力!$I:$I,月別入力!$D:$D,$C24,月別入力!$E:$E,V$11),1) -> 0 | W24: =ROUND(SUMIFS(月別入力!$I:$I,月別入力!$D:$D,$C24,月別入力!$E:$E,W$11),1) -> 0 | ... AI24: =ROUND(SUMIFS(月別入力!$I:$I,月別入力!$D:$D,$C24,月別入力!$E:$E,AI$11),1) -> 0 | AJ24: =ROUND(SUMIFS(月別入力!$I:$I,月別入力!$D:$D,$C24,月別入力!$H:$H,"[5]雇用",月別入力!$F:$F,"[1]男"),1) -> 0 | AK24: =ROUND(SUMIFS(月別入力!$I:$I,月別入力!$D:$D,$C24,月別入力!$H:$H,"[5]雇用",月別入力!$F:$F,"[2]女"),1) -> 0 | AL24: =C24 | BC24: 麦踏み | BD24: =SUM(SUMIFS(P24:AI24,P14:AI14,{"[1]家族","[3]ゆい・手間替え受け"},P12:AI12,"[1]男")) -> 0 | BE24: =SUM(SUMIFS(P24:AI24,P14:AI14,{"[1]家族","[3]ゆい・手間替え受け"},P12:AI12,"[2]女")) -> 0 | BF24: =SUM(BD24:BE24) -> 0 | BG24: =AJ24 -> 0 | BH24: =SUM(SUMIFS(P24:AI24,P14:AI14,{"[2]同居人","[4]手伝い・共同作業受け"},P12:AI12,"[1]男")) -> 0 | BI24: =SUM(BG24:BH24) -> 0 | BJ24: =AK24 -> 0 | BK24: =SUM(SUMIFS(P24:AI24,P14:AI14,{"[2]同居人","[4]手伝い・共同作業受け"},P12:AI12,"[2]女")) -> 0 | BL24: =SUM(BJ24:BK24) -> 0 | BM24: =SUM(BI24,BL24) -> 0
C25: =設定!R8 | P25: =ROUND(SUMIFS(月別入力!$I:$I,月別入力!$D:$D,$C25,月別入力!$E:$E,P$11),1) -> 0 | Q25: =ROUND(SUMIFS(月別入力!$I:$I,月別入力!$D:$D,$C25,月別入力!$E:$E,Q$11),1) -> 0 | R25: =ROUND(SUMIFS(月別入力!$I:$I,月別入力!$D:$D,$C25,月別入力!$E:$E,R$11),1) -> 0 | S25: =ROUND(SUMIFS(月別入力!$I:$I,月別入力!$D:$D,$C25,月別入力!$E:$E,S$11),1) -> 0 | T25: =ROUND(SUMIFS(月別入力!$I:$I,月別入力!$D:$D,$C25,月別入力!$E:$E,T$11),1) -> 0 | U25: =ROUND(SUMIFS(月別入力!$I:$I,月別入力!$D:$D,$C25,月別入力!$E:$E,U$11),1) -> 0 | V25: =ROUND(SUMIFS(月別入力!$I:$I,月別入力!$D:$D,$C25,月別入力!$E:$E,V$11),1) -> 0 | W25: =ROUND(SUMIFS(月別入力!$I:$I,月別入力!$D:$D,$C25,月別入力!$E:$E,W$11),1) -> 0 | ... AI25: =ROUND(SUMIFS(月別入力!$I:$I,月別入力!$D:$D,$C25,月別入力!$E:$E,AI$11),1) -> 0 | AJ25: =ROUND(SUMIFS(月別入力!$I:$I,月別入力!$D:$D,$C25,月別入力!$H:$H,"[5]雇用",月別入力!$F:$F,"[1]男"),1) -> 0 | AK25: =ROUND(SUMIFS(月別入力!$I:$I,月別入力!$D:$D,$C25,月別入力!$H:$H,"[5]雇用",月別入力!$F:$F,"[2]女"),1) -> 0 | AL25: =C25 | BC25: 管理 | BD25: =SUM(SUMIFS(P25:AI25,P14:AI14,{"[1]家族","[3]ゆい・手間替え受け"},P12:AI12,"[1]男")) -> 0 | BE25: =SUM(SUMIFS(P25:AI25,P14:AI14,{"[1]家族","[3]ゆい・手間替え受け"},P12:AI12,"[2]女")) -> 0 | BF25: =SUM(BD25:BE25) -> 0 | BG25: =AJ25 -> 0 | BH25: =SUM(SUMIFS(P25:AI25,P14:AI14,{"[2]同居人","[4]手伝い・共同作業受け"},P12:AI12,"[1]男")) -> 0 | BI25: =SUM(BG25:BH25) -> 0 | BJ25: =AK25 -> 0 | BK25: =SUM(SUMIFS(P25:AI25,P14:AI14,{"[2]同居人","[4]手伝い・共同作業受け"},P12:AI12,"[2]女")) -> 0 | BL25: =SUM(BJ25:BK25) -> 0 | BM25: =SUM(BI25,BL25) -> 0
C26: =設定!S8 | P26: =ROUND(SUMIFS(月別入力!$I:$I,月別入力!$D:$D,$C26,月別入力!$E:$E,P$11),1) -> 0 | Q26: =ROUND(SUMIFS(月別入力!$I:$I,月別入力!$D:$D,$C26,月別入力!$E:$E,Q$11),1) -> 0 | R26: =ROUND(SUMIFS(月別入力!$I:$I,月別入力!$D:$D,$C26,月別入力!$E:$E,R$11),1) -> 0 | S26: =ROUND(SUMIFS(月別入力!$I:$I,月別入力!$D:$D,$C26,月別入力!$E:$E,S$11),1) -> 0 | T26: =ROUND(SUMIFS(月別入力!$I:$I,月別入力!$D:$D,$C26,月別入力!$E:$E,T$11),1) -> 0 | U26: =ROUND(SUMIFS(月別入力!$I:$I,月別入力!$D:$D,$C26,月別入力!$E:$E,U$11),1) -> 0 | V26: =ROUND(SUMIFS(月別入力!$I:$I,月別入力!$D:$D,$C26,月別入力!$E:$E,V$11),1) -> 0 | W26: =ROUND(SUMIFS(月別入力!$I:$I,月別入力!$D:$D,$C26,月別入力!$E:$E,W$11),1) -> 0 | ... AI26: =ROUND(SUMIFS(月別入力!$I:$I,月別入力!$D:$D,$C26,月別入力!$E:$E,AI$11),1) -> 0 | AJ26: =ROUND(SUMIFS(月別入力!$I:$I,月別入力!$D:$D,$C26,月別入力!$H:$H,"[5]雇用",月別入力!$F:$F,"[1]男"),1) -> 0 | AK26: =ROUND(SUMIFS(月別入力!$I:$I,月別入力!$D:$D,$C26,月別入力!$H:$H,"[5]雇用",月別入力!$F:$F,"[2]女"),1) -> 0 | AL26: =C26 | BC26: 防除 | BD26: =SUM(SUMIFS(P26:AI26,P14:AI14,{"[1]家族","[3]ゆい・手間替え受け"},P12:AI12,"[1]男")) -> 0 | BE26: =SUM(SUMIFS(P26:AI26,P14:AI14,{"[1]家族","[3]ゆい・手間替え受け"},P12:AI12,"[2]女")) -> 0 | BF26: =SUM(BD26:BE26) -> 0 | BG26: =AJ26 -> 0 | BH26: =SUM(SUMIFS(P26:AI26,P14:AI14,{"[2]同居人","[4]手伝い・共同作業受け"},P12:AI12,"[1]男")) -> 0 | BI26: =SUM(BG26:BH26) -> 0 | BJ26: =AK26 -> 0 | BK26: =SUM(SUMIFS(P26:AI26,P14:AI14,{"[2]同居人","[4]手伝い・共同作業受け"},P12:AI12,"[2]女")) -> 0 | BL26: =SUM(BJ26:BK26) -> 0 | BM26: =SUM(BI26,BL26) -> 0
C27: =設定!T8 | P27: =ROUND(SUMIFS(月別入力!$I:$I,月別入力!$D:$D,$C27,月別入力!$E:$E,P$11),1) -> 0 | Q27: =ROUND(SUMIFS(月別入力!$I:$I,月別入力!$D:$D,$C27,月別入力!$E:$E,Q$11),1) -> 0 | R27: =ROUND(SUMIFS(月別入力!$I:$I,月別入力!$D:$D,$C27,月別入力!$E:$E,R$11),1) -> 0 | S27: =ROUND(SUMIFS(月別入力!$I:$I,月別入力!$D:$D,$C27,月別入力!$E:$E,S$11),1) -> 0 | T27: =ROUND(SUMIFS(月別入力!$I:$I,月別入力!$D:$D,$C27,月別入力!$E:$E,T$11),1) -> 0 | U27: =ROUND(SUMIFS(月別入力!$I:$I,月別入力!$D:$D,$C27,月別入力!$E:$E,U$11),1) -> 0 | V27: =ROUND(SUMIFS(月別入力!$I:$I,月別入力!$D:$D,$C27,月別入力!$E:$E,V$11),1) -> 0 | W27: =ROUND(SUMIFS(月別入力!$I:$I,月別入力!$D:$D,$C27,月別入力!$E:$E,W$11),1) -> 0 | ... AI27: =ROUND(SUMIFS(月別入力!$I:$I,月別入力!$D:$D,$C27,月別入力!$E:$E,AI$11),1) -> 0 | AJ27: =ROUND(SUMIFS(月別入力!$I:$I,月別入力!$D:$D,$C27,月別入力!$H:$H,"[5]雇用",月別入力!$F:$F,"[1]男"),1) -> 0 | AK27: =ROUND(SUMIFS(月別入力!$I:$I,月別入力!$D:$D,$C27,月別入力!$H:$H,"[5]雇用",月別入力!$F:$F,"[2]女"),1) -> 0 | AL27: =C27 | BC27: はく葉 | BD27: =SUM(SUMIFS(P27:AI27,P14:AI14,{"[1]家族","[3]ゆい・手間替え受け"},P12:AI12,"[1]男")) -> 0 | BE27: =SUM(SUMIFS(P27:AI27,P14:AI14,{"[1]家族","[3]ゆい・手間替え受け"},P12:AI12,"[2]女")) -> 0 | BF27: =SUM(BD27:BE27) -> 0 | BG27: =AJ27 -> 0 | BH27: =SUM(SUMIFS(P27:AI27,P14:AI14,{"[2]同居人","[4]手伝い・共同作業受け"},P12:AI12,"[1]男")) -> 0 | BI27: =SUM(BG27:BH27) -> 0 | BJ27: =AK27 -> 0 | BK27: =SUM(SUMIFS(P27:AI27,P14:AI14,{"[2]同居人","[4]手伝い・共同作業受け"},P12:AI12,"[2]女")) -> 0 | BL27: =SUM(BJ27:BK27) -> 0 | BM27: =SUM(BI27,BL27) -> 0
C28: =設定!U8 | P28: =ROUND(SUMIFS(月別入力!$I:$I,月別入力!$D:$D,$C28,月別入力!$E:$E,P$11),1) -> 0 | Q28: =ROUND(SUMIFS(月別入力!$I:$I,月別入力!$D:$D,$C28,月別入力!$E:$E,Q$11),1) -> 0 | R28: =ROUND(SUMIFS(月別入力!$I:$I,月別入力!$D:$D,$C28,月別入力!$E:$E,R$11),1) -> 0 | S28: =ROUND(SUMIFS(月別入力!$I:$I,月別入力!$D:$D,$C28,月別入力!$E:$E,S$11),1) -> 0 | T28: =ROUND(SUMIFS(月別入力!$I:$I,月別入力!$D:$D,$C28,月別入力!$E:$E,T$11),1) -> 0 | U28: =ROUND(SUMIFS(月別入力!$I:$I,月別入力!$D:$D,$C28,月別入力!$E:$E,U$11),1) -> 0 | V28: =ROUND(SUMIFS(月別入力!$I:$I,月別入力!$D:$D,$C28,月別入力!$E:$E,V$11),1) -> 0 | W28: =ROUND(SUMIFS(月別入力!$I:$I,月別入力!$D:$D,$C28,月別入力!$E:$E,W$11),1) -> 0 | ... AI28: =ROUND(SUMIFS(月別入力!$I:$I,月別入力!$D:$D,$C28,月別入力!$E:$E,AI$11),1) -> 0 | AJ28: =ROUND(SUMIFS(月別入力!$I:$I,月別入力!$D:$D,$C28,月別入力!$H:$H,"[5]雇用",月別入力!$F:$F,"[1]男"),1) -> 0 | AK28: =ROUND(SUMIFS(月別入力!$I:$I,月別入力!$D:$D,$C28,月別入力!$H:$H,"[5]雇用",月別入力!$F:$F,"[2]女"),1) -> 0 | AL28: =C28 | BC28: 刈取脱穀 | BD28: =SUM(SUMIFS(P28:AI28,P14:AI14,{"[1]家族","[3]ゆい・手間替え受け"},P12:AI12,"[1]男")) -> 0 | BE28: =SUM(SUMIFS(P28:AI28,P14:AI14,{"[1]家族","[3]ゆい・手間替え受け"},P12:AI12,"[2]女")) -> 0 | BF28: =SUM(BD28:BE28) -> 0 | BG28: =AJ28 -> 0 | BH28: =SUM(SUMIFS(P28:AI28,P14:AI14,{"[2]同居人","[4]手伝い・共同作業受け"},P12:AI12,"[1]男")) -> 0 | BI28: =SUM(BG28:BH28) -> 0 | BJ28: =AK28 -> 0 | BK28: =SUM(SUMIFS(P28:AI28,P14:AI14,{"[2]同居人","[4]手伝い・共同作業受け"},P12:AI12,"[2]女")) -> 0 | BL28: =SUM(BJ28:BK28) -> 0 | BM28: =SUM(BI28,BL28) -> 0
C29: =設定!V8 | P29: =ROUND(SUMIFS(月別入力!$I:$I,月別入力!$D:$D,$C29,月別入力!$E:$E,P$11),1) -> 0 | Q29: =ROUND(SUMIFS(月別入力!$I:$I,月別入力!$D:$D,$C29,月別入力!$E:$E,Q$11),1) -> 0 | R29: =ROUND(SUMIFS(月別入力!$I:$I,月別入力!$D:$D,$C29,月別入力!$E:$E,R$11),1) -> 0 | S29: =ROUND(SUMIFS(月別入力!$I:$I,月別入力!$D:$D,$C29,月別入力!$E:$E,S$11),1) -> 0 | T29: =ROUND(SUMIFS(月別入力!$I:$I,月別入力!$D:$D,$C29,月別入力!$E:$E,T$11),1) -> 0 | U29: =ROUND(SUMIFS(月別入力!$I:$I,月別入力!$D:$D,$C29,月別入力!$E:$E,U$11),1) -> 0 | V29: =ROUND(SUMIFS(月別入力!$I:$I,月別入力!$D:$D,$C29,月別入力!$E:$E,V$11),1) -> 0 | W29: =ROUND(SUMIFS(月別入力!$I:$I,月別入力!$D:$D,$C29,月別入力!$E:$E,W$11),1) -> 0 | ... AI29: =ROUND(SUMIFS(月別入力!$I:$I,月別入力!$D:$D,$C29,月別入力!$E:$E,AI$11),1) -> 0 | AJ29: =ROUND(SUMIFS(月別入力!$I:$I,月別入力!$D:$D,$C29,月別入力!$H:$H,"[5]雇用",月別入力!$F:$F,"[1]男"),1) -> 0 | AK29: =ROUND(SUMIFS(月別入力!$I:$I,月別入力!$D:$D,$C29,月別入力!$H:$H,"[5]雇用",月別入力!$F:$F,"[2]女"),1) -> 0 | AL29: =C29 | BC29: 乾燥 | BD29: =SUM(SUMIFS(P29:AI29,P14:AI14,{"[1]家族","[3]ゆい・手間替え受け"},P12:AI12,"[1]男")) -> 0 | BE29: =SUM(SUMIFS(P29:AI29,P14:AI14,{"[1]家族","[3]ゆい・手間替え受け"},P12:AI12,"[2]女")) -> 0 | BF29: =SUM(BD29:BE29) -> 0 | BG29: =AJ29 -> 0 | BH29: =SUM(SUMIFS(P29:AI29,P14:AI14,{"[2]同居人","[4]手伝い・共同作業受け"},P12:AI12,"[1]男")) -> 0 | BI29: =SUM(BG29:BH29) -> 0 | BJ29: =AK29 -> 0 | BK29: =SUM(SUMIFS(P29:AI29,P14:AI14,{"[2]同居人","[4]手伝い・共同作業受け"},P12:AI12,"[2]女")) -> 0 | BL29: =SUM(BJ29:BK29) -> 0 | BM29: =SUM(BI29,BL29) -> 0
C30: =設定!W8 | P30: =ROUND(SUMIFS(月別入力!$I:$I,月別入力!$D:$D,$C30,月別入力!$E:$E,P$11),1) -> 0 | Q30: =ROUND(SUMIFS(月別入力!$I:$I,月別入力!$D:$D,$C30,月別入力!$E:$E,Q$11),1) -> 0 | R30: =ROUND(SUMIFS(月別入力!$I:$I,月別入力!$D:$D,$C30,月別入力!$E:$E,R$11),1) -> 0 | S30: =ROUND(SUMIFS(月別入力!$I:$I,月別入力!$D:$D,$C30,月別入力!$E:$E,S$11),1) -> 0 | T30: =ROUND(SUMIFS(月別入力!$I:$I,月別入力!$D:$D,$C30,月別入力!$E:$E,T$11),1) -> 0 | U30: =ROUND(SUMIFS(月別入力!$I:$I,月別入力!$D:$D,$C30,月別入力!$E:$E,U$11),1) -> 0 | V30: =ROUND(SUMIFS(月別入力!$I:$I,月別入力!$D:$D,$C30,月別入力!$E:$E,V$11),1) -> 0 | W30: =ROUND(SUMIFS(月別入力!$I:$I,月別入力!$D:$D,$C30,月別入力!$E:$E,W$11),1) -> 0 | ... AI30: =ROUND(SUMIFS(月別入力!$I:$I,月別入力!$D:$D,$C30,月別入力!$E:$E,AI$11),1) -> 0 | AL30: =C30 | BC30: 生産管理 | BD30: =SUM(SUMIFS(P30:AI30,P14:AI14,{"[1]家族"},P12:AI12,"[1]男")) -> 0 | BE30: =SUM(SUMIFS(P30:AI30,P14:AI14,{"[1]家族"},P12:AI12,"[2]女")) -> 0 | BF30: =SUM(BD30:BE30) -> 0 | BO30: 労賃単価を入力してください。
C31: =設定!X8 | P31: =ROUND(SUMIFS(月別入力!$I:$I,月別入力!$D:$D,$C31,月別入力!$E:$E,P$11),1) -> 0 | Q31: =ROUND(SUMIFS(月別入力!$I:$I,月別入力!$D:$D,$C31,月別入力!$E:$E,Q$11),1) -> 0 | R31: =ROUND(SUMIFS(月別入力!$I:$I,月別入力!$D:$D,$C31,月別入力!$E:$E,R$11),1) -> 0 | S31: =ROUND(SUMIFS(月別入力!$I:$I,月別入力!$D:$D,$C31,月別入力!$E:$E,S$11),1) -> 0 | T31: =ROUND(SUMIFS(月別入力!$I:$I,月別入力!$D:$D,$C31,月別入力!$E:$E,T$11),1) -> 0 | U31: =ROUND(SUMIFS(月別入力!$I:$I,月別入力!$D:$D,$C31,月別入力!$E:$E,U$11),1) -> 0 | V31: =ROUND(SUMIFS(月別入力!$I:$I,月別入力!$D:$D,$C31,月別入力!$E:$E,V$11),1) -> 0 | W31: =ROUND(SUMIFS(月別入力!$I:$I,月別入力!$D:$D,$C31,月別入力!$E:$E,W$11),1) -> 0 | ... AI31: =ROUND(SUMIFS(月別入力!$I:$I,月別入力!$D:$D,$C31,月別入力!$E:$E,AI$11),1) -> 0 | AJ31: =ROUND(SUMIFS(月別入力!$I:$I,月別入力!$D:$D,$C31,月別入力!$H:$H,"[5]雇用",月別入力!$F:$F,"[1]男"),1) -> 0 | AK31: =ROUND(SUMIFS(月別入力!$I:$I,月別入力!$D:$D,$C31,月別入力!$H:$H,"[5]雇用",月別入力!$F:$F,"[2]女"),1) -> 0 | AL31: =C31 | BB31: 間接労働時間 | BD31: =SUM(SUMIFS(P31:AI31,P14:AI14,{"[1]家族","[3]ゆい・手間替え受け"},P12:AI12,"[1]男")) -> 0 | BE31: =SUM(SUMIFS(P31:AI31,P14:AI14,{"[1]家族","[3]ゆい・手間替え受け"},P12:AI12,"[2]女")) -> 0 | BF31: =SUM(BD31:BE31) -> 0 | BG31: =AJ31 -> 0 | BH31: =SUM(SUMIFS(P31:AI31,P14:AI14,{"[2]同居人","[4]手伝い・共同作業受け"},P12:AI12,"[1]男")) -> 0 | BI31: =SUM(BG31:BH31) -> 0 | BJ31: =AK31 -> 0 | BK31: =SUM(SUMIFS(P31:AI31,P14:AI14,{"[2]同居人","[4]手伝い・共同作業受け"},P12:AI12,"[2]女")) -> 0 | BL31: =SUM(BJ31:BK31) -> 0 | BM31: =SUM(BI31,BL31) -> 0 | BO31: 労賃単価（円）
C32: 注：「もみすり・調製作業」と「包装荷造り作業」が機械化一貫作業の場合、包装荷造りに要した作業時間を除いて記入してください。 | BB32: 労働時間合計 | BD32: =SUM(BD14,BD31) -> 0 | BE32: =SUM(BE14,BE31) -> 0 | BF32: =SUM(BD32:BE32) -> 0 | BG32: =SUM(BG14,BG31) -> 0 | BH32: =SUM(BH14,BH31) -> 0 | BI32: =SUM(BG32:BH32) -> 0 | BJ32: =SUM(BJ14,BJ31) -> 0 | BK32: =SUM(BK14,BK31) -> 0 | BL32: =SUM(BJ32:BK32) -> 0 | BM32: =SUM(BI32,BL32) -> 0
A33: ３ 支払賃金
C34: 当年産の対象品目生産のために雇用者に支払った労賃（現物支給も含む。）を記入してください。 | BB34: 年齢階層別労働時間・労働評価額
C35: 区分 | P35: 支払賃金（円） | Q35: 対象品目 負担割合（％） | BR35: 単位：時間、円
BD36: 家族
C37: 男 | BD37: 男 | BI37: 女 | BN37: 小 計
C38: 女 | BD38: ６５歳未満 | BE38: ６５～７０ | BF38: ７０～７５ | BG38: ７５歳以上 | BH38: 計 | BI38: ６５歳未満 | BJ38: ６５～７０ | BK38: ７０～７５ | BL38: ７５歳以上 | BM38: 計 | BN38: ６５歳未満 | BO38: ６５～７０ | BP38: ７０～７５ | BQ38: ７５歳以上 | BR38: 計
BB39: 労働時間 | BC39: 直接労働 | BD39: =SUMIFS(P15:AI15,P14:AI14,"[1]家族",P12:AI12,"[1]男",P13:AI13,"<65") + SUMIFS(P16:AI16,P14:AI14,"[1]家族",P12:AI12,"[1]男",P13:AI13,"<65") + SUMIFS(P17:AI17,P14:AI14,"[1]家族",P12:AI12,"[1]男",P13:AI13,"<65") + SUMIFS(P18:AI18,P14:AI14,"[1]家族",P12:AI12,"[1]男",P13:AI13,"<65") + SUMIFS(P19:AI19,P14:AI14,"[1]家族",P12:AI12,"[1]男",P13:AI13,"<65") + SUMIFS(P20:AI20,P14:AI14,"[1]家族",P12:AI12,"[1]男",P13:AI13,"<65") + SUMIFS(P21:AI21,P14:AI14,"[1]家族",P12:AI12,"[1]男",P13:AI13,"<65") + SUMIFS(P22:AI22,P14:AI14,"[1]家族",P12:AI12,"[1]男",P13:AI13,"<65") + SUMIFS(P23:AI23,P14:AI14,"[1]家族",P12:AI12,"[1]男",P13:AI13,"<65") + SUMIFS(P24:AI24,P14:AI14,"[1]家族",P12:AI12,"[1]男",P13:AI13,"<65") + SUMIFS(P25:AI25,P14:AI14,"[1]家族",P12:AI12,"[1]男",P13:AI13,"<65") + SUMIFS(P26:AI26,P14:AI14,"[1]家族",P12:AI12,"[1]男",P13:AI13,"<65") + SUMIFS(P27:AI27,P14:AI14,"[1]家族",P12:AI12,"[1]男",P13:AI13,"<65") + SUMIFS(P28:AI28,P14:AI14,"[1]家族",P12:AI12,"[1]男",P13:AI13,"<65") + SUMIFS(P29:AI29,P14:AI14,"[1]家族",P12:AI12,"[1]男",P13:AI13,"<65") + SUMIFS(P30:AI30,P14:AI14,"[1]家族",P12:AI12,"[1]男",P13:AI13,"<65") + SUMIFS(P15:AI15,P14:AI14,"[3]ゆい・手間替え受け",P12:AI12,"[1]男") + SUMIFS(P16:AI16,P14:AI14,"[3]ゆい・手間替え受け",P12:AI12,"[1]男") + SUMIFS(P17:AI17,P14:AI14,"[3]ゆい・手間替え受け",P12:AI12,"[1]男") + SUMIFS(P18:AI18,P14:AI14,"[3]ゆい・手間替え受け",P12:AI12,"[1]男") + SUMIFS(P19:AI19,P14:AI14,"[3]ゆい・手間替え受け",P12:AI12,"[1]男") + SUMIFS(P20:AI20,P14:AI14,"[3]ゆい・手間替え受け",P12:AI12,"[1]男") + SUMIFS(P21:AI21,P14:AI14,"[3]ゆい・手間替え受け",P12:AI12,"[1]男") + SUMIFS(P22:AI22,P14:AI14,"[3]ゆい・手間替え受け",P12:AI12,"[1]男") + SUMIFS(P23:AI23,P14:AI14,"[3]ゆい・手間替え受け",P12:AI12,"[1]男") + SUMIFS(P24:AI24,P14:AI14,"[3]ゆい・手間替え受け",P12:AI12,"[1]男") + SUMIFS(P25:AI25,P14:AI14,"[3]ゆい・手間替え受け",P12:AI12,"[1]男") + SUMIFS(P26:AI26,P14:AI14,"[3]ゆい・手間替え受け",P12:AI12,"[1]男") + SUMIFS(P27:AI27,P14:AI14,"[3]ゆい・手間替え受け",P12:AI12,"[1]男") + SUMIFS(P28:AI28,P14:AI14,"[3]ゆい・手間替え受け",P12:AI12,"[1]男") + SUMIFS(P29:AI29,P14:AI14,"[3]ゆい・手間替え受け",P12:AI12,"[1]男") -> 0 | BE39: =SUMIFS(P15:AI15,P14:AI14,"[1]家族",P12:AI12,"[1]男",P13:AI13,">=65",P13:AI13,"<70") + SUMIFS(P16:AI16,P14:AI14,"[1]家族",P12:AI12,"[1]男",P13:AI13,">=65",P13:AI13,"<70") + SUMIFS(P17:AI17,P14:AI14,"[1]家族",P12:AI12,"[1]男",P13:AI13,">=65",P13:AI13,"<70") + SUMIFS(P18:AI18,P14:AI14,"[1]家族",P12:AI12,"[1]男",P13:AI13,">=65",P13:AI13,"<70") + SUMIFS(P19:AI19,P14:AI14,"[1]家族",P12:AI12,"[1]男",P13:AI13,">=65",P13:AI13,"<70") + SUMIFS(P20:AI20,P14:AI14,"[1]家族",P12:AI12,"[1]男",P13:AI13,">=65",P13:AI13,"<70") + SUMIFS(P21:AI21,P14:AI14,"[1]家族",P12:AI12,"[1]男",P13:AI13,">=65",P13:AI13,"<70") + SUMIFS(P22:AI22,P14:AI14,"[1]家族",P12:AI12,"[1]男",P13:AI13,">=65",P13:AI13,"<70") + SUMIFS(P23:AI23,P14:AI14,"[1]家族",P12:AI12,"[1]男",P13:AI13,">=65",P13:AI13,"<70") + SUMIFS(P24:AI24,P14:AI14,"[1]家族",P12:AI12,"[1]男",P13:AI13,">=65",P13:AI13,"<70") + SUMIFS(P25:AI25,P14:AI14,"[1]家族",P12:AI12,"[1]男",P13:AI13,">=65",P13:AI13,"<70") + SUMIFS(P26:AI26,P14:AI14,"[1]家族",P12:AI12,"[1]男",P13:AI13,">=65",P13:AI13,"<70") + SUMIFS(P27:AI27,P14:AI14,"[1]家族",P12:AI12,"[1]男",P13:AI13,">=65",P13:AI13,"<70") + SUMIFS(P28:AI28,P14:AI14,"[1]家族",P12:AI12,"[1]男",P13:AI13,">=65",P13:AI13,"<70") + SUMIFS(P29:AI29,P14:AI14,"[1]家族",P12:AI12,"[1]男",P13:AI13,">=65",P13:AI13,"<70") + SUMIFS(P30:AI30,P14:AI14,"[1]家族",P12:AI12,"[1]男",P13:AI13,">=65",P13:AI13,"<70") -> 0 | BF39: =SUMIFS(P15:AI15,P14:AI14,"[1]家族",P12:AI12,"[1]男",P13:AI13,">=70",P13:AI13,"<75") + SUMIFS(P16:AI16,P14:AI14,"[1]家族",P12:AI12,"[1]男",P13:AI13,">=70",P13:AI13,"<75") + SUMIFS(P17:AI17,P14:AI14,"[1]家族",P12:AI12,"[1]男",P13:AI13,">=70",P13:AI13,"<75") + SUMIFS(P18:AI18,P14:AI14,"[1]家族",P12:AI12,"[1]男",P13:AI13,">=70",P13:AI13,"<75") + SUMIFS(P19:AI19,P14:AI14,"[1]家族",P12:AI12,"[1]男",P13:AI13,">=70",P13:AI13,"<75") + SUMIFS(P20:AI20,P14:AI14,"[1]家族",P12:AI12,"[1]男",P13:AI13,">=70",P13:AI13,"<75") + SUMIFS(P21:AI21,P14:AI14,"[1]家族",P12:AI12,"[1]男",P13:AI13,">=70",P13:AI13,"<75") + SUMIFS(P22:AI22,P14:AI14,"[1]家族",P12:AI12,"[1]男",P13:AI13,">=70",P13:AI13,"<75") + SUMIFS(P23:AI23,P14:AI14,"[1]家族",P12:AI12,"[1]男",P13:AI13,">=70",P13:AI13,"<75") + SUMIFS(P24:AI24,P14:AI14,"[1]家族",P12:AI12,"[1]男",P13:AI13,">=70",P13:AI13,"<75") + SUMIFS(P25:AI25,P14:AI14,"[1]家族",P12:AI12,"[1]男",P13:AI13,">=70",P13:AI13,"<75") + SUMIFS(P26:AI26,P14:AI14,"[1]家族",P12:AI12,"[1]男",P13:AI13,">=70",P13:AI13,"<75") + SUMIFS(P27:AI27,P14:AI14,"[1]家族",P12:AI12,"[1]男",P13:AI13,">=70",P13:AI13,"<75") + SUMIFS(P28:AI28,P14:AI14,"[1]家族",P12:AI12,"[1]男",P13:AI13,">=70",P13:AI13,"<75") + SUMIFS(P29:AI29,P14:AI14,"[1]家族",P12:AI12,"[1]男",P13:AI13,">=70",P13:AI13,"<75") + SUMIFS(P30:AI30,P14:AI14,"[1]家族",P12:AI12,"[1]男",P13:AI13,">=70",P13:AI13,"<75") -> 0 | BG39: =SUMIFS(P15:AI15,P14:AI14,"[1]家族",P12:AI12,"[1]男",P13:AI13,">=75") + SUMIFS(P16:AI16,P14:AI14,"[1]家族",P12:AI12,"[1]男",P13:AI13,">=75") + SUMIFS(P17:AI17,P14:AI14,"[1]家族",P12:AI12,"[1]男",P13:AI13,">=75") + SUMIFS(P18:AI18,P14:AI14,"[1]家族",P12:AI12,"[1]男",P13:AI13,">=75") + SUMIFS(P19:AI19,P14:AI14,"[1]家族",P12:AI12,"[1]男",P13:AI13,">=75") + SUMIFS(P20:AI20,P14:AI14,"[1]家族",P12:AI12,"[1]男",P13:AI13,">=75") + SUMIFS(P21:AI21,P14:AI14,"[1]家族",P12:AI12,"[1]男",P13:AI13,">=75") + SUMIFS(P22:AI22,P14:AI14,"[1]家族",P12:AI12,"[1]男",P13:AI13,">=75") + SUMIFS(P23:AI23,P14:AI14,"[1]家族",P12:AI12,"[1]男",P13:AI13,">=75") + SUMIFS(P24:AI24,P14:AI14,"[1]家族",P12:AI12,"[1]男",P13:AI13,">=75") + SUMIFS(P25:AI25,P14:AI14,"[1]家族",P12:AI12,"[1]男",P13:AI13,">=75") + SUMIFS(P26:AI26,P14:AI14,"[1]家族",P12:AI12,"[1]男",P13:AI13,">=75") + SUMIFS(P27:AI27,P14:AI14,"[1]家族",P12:AI12,"[1]男",P13:AI13,">=75") + SUMIFS(P28:AI28,P14:AI14,"[1]家族",P12:AI12,"[1]男",P13:AI13,">=75") + SUMIFS(P29:AI29,P14:AI14,"[1]家族",P12:AI12,"[1]男",P13:AI13,">=75") + SUMIFS(P30:AI30,P14:AI14,"[1]家族",P12:AI12,"[1]男",P13:AI13,">=75") -> 0 | BH39: =SUM(BD39:BG39) -> 0 | BI39: =SUMIFS(P15:AI15,P14:AI14,"[1]家族",P12:AI12,"[2]女",P13:AI13,"<65") + SUMIFS(P16:AI16,P14:AI14,"[1]家族",P12:AI12,"[2]女",P13:AI13,"<65") + SUMIFS(P17:AI17,P14:AI14,"[1]家族",P12:AI12,"[2]女",P13:AI13,"<65") + SUMIFS(P18:AI18,P14:AI14,"[1]家族",P12:AI12,"[2]女",P13:AI13,"<65") + SUMIFS(P19:AI19,P14:AI14,"[1]家族",P12:AI12,"[2]女",P13:AI13,"<65") + SUMIFS(P20:AI20,P14:AI14,"[1]家族",P12:AI12,"[2]女",P13:AI13,"<65") + SUMIFS(P21:AI21,P14:AI14,"[1]家族",P12:AI12,"[2]女",P13:AI13,"<65") + SUMIFS(P22:AI22,P14:AI14,"[1]家族",P12:AI12,"[2]女",P13:AI13,"<65") + SUMIFS(P23:AI23,P14:AI14,"[1]家族",P12:AI12,"[2]女",P13:AI13,"<65") + SUMIFS(P24:AI24,P14:AI14,"[1]家族",P12:AI12,"[2]女",P13:AI13,"<65") + SUMIFS(P25:AI25,P14:AI14,"[1]家族",P12:AI12,"[2]女",P13:AI13,"<65") + SUMIFS(P26:AI26,P14:AI14,"[1]家族",P12:AI12,"[2]女",P13:AI13,"<65") + SUMIFS(P27:AI27,P14:AI14,"[1]家族",P12:AI12,"[2]女",P13:AI13,"<65") + SUMIFS(P28:AI28,P14:AI14,"[1]家族",P12:AI12,"[2]女",P13:AI13,"<65") + SUMIFS(P29:AI29,P14:AI14,"[1]家族",P12:AI12,"[2]女",P13:AI13,"<65") + SUMIFS(P30:AI30,P14:AI14,"[1]家族",P12:AI12,"[2]女",P13:AI13,"<65") + SUMIFS(P15:AI15,P14:AI14,"[3]ゆい・手間替え受け",P12:AI12,"[2]女") + SUMIFS(P16:AI16,P14:AI14,"[3]ゆい・手間替え受け",P12:AI12,"[2]女") + SUMIFS(P17:AI17,P14:AI14,"[3]ゆい・手間替え受け",P12:AI12,"[2]女") + SUMIFS(P18:AI18,P14:AI14,"[3]ゆい・手間替え受け",P12:AI12,"[2]女") + SUMIFS(P19:AI19,P14:AI14,"[3]ゆい・手間替え受け",P12:AI12,"[2]女") + SUMIFS(P20:AI20,P14:AI14,"[3]ゆい・手間替え受け",P12:AI12,"[2]女") + SUMIFS(P21:AI21,P14:AI14,"[3]ゆい・手間替え受け",P12:AI12,"[2]女") + SUMIFS(P22:AI22,P14:AI14,"[3]ゆい・手間替え受け",P12:AI12,"[2]女") + SUMIFS(P23:AI23,P14:AI14,"[3]ゆい・手間替え受け",P12:AI12,"[2]女") + SUMIFS(P24:AI24,P14:AI14,"[3]ゆい・手間替え受け",P12:AI12,"[2]女") + SUMIFS(P25:AI25,P14:AI14,"[3]ゆい・手間替え受け",P12:AI12,"[2]女") + SUMIFS(P26:AI26,P14:AI14,"[3]ゆい・手間替え受け",P12:AI12,"[2]女") + SUMIFS(P27:AI27,P14:AI14,"[3]ゆい・手間替え受け",P12:AI12,"[2]女") + SUMIFS(P28:AI28,P14:AI14,"[3]ゆい・手間替え受け",P12:AI12,"[2]女") + SUMIFS(P29:AI29,P14:AI14,"[3]ゆい・手間替え受け",P12:AI12,"[2]女") -> 0 | BJ39: =SUMIFS(P15:AI15,P14:AI14,"[1]家族",P12:AI12,"[2]女",P13:AI13,">=65",P13:AI13,"<70") + SUMIFS(P16:AI16,P14:AI14,"[1]家族",P12:AI12,"[2]女",P13:AI13,">=65",P13:AI13,"<70") + SUMIFS(P17:AI17,P14:AI14,"[1]家族",P12:AI12,"[2]女",P13:AI13,">=65",P13:AI13,"<70") + SUMIFS(P18:AI18,P14:AI14,"[1]家族",P12:AI12,"[2]女",P13:AI13,">=65",P13:AI13,"<70") + SUMIFS(P19:AI19,P14:AI14,"[1]家族",P12:AI12,"[2]女",P13:AI13,">=65",P13:AI13,"<70") + SUMIFS(P20:AI20,P14:AI14,"[1]家族",P12:AI12,"[2]女",P13:AI13,">=65",P13:AI13,"<70") + SUMIFS(P21:AI21,P14:AI14,"[1]家族",P12:AI12,"[2]女",P13:AI13,">=65",P13:AI13,"<70") + SUMIFS(P22:AI22,P14:AI14,"[1]家族",P12:AI12,"[2]女",P13:AI13,">=65",P13:AI13,"<70") + SUMIFS(P23:AI23,P14:AI14,"[1]家族",P12:AI12,"[2]女",P13:AI13,">=65",P13:AI13,"<70") + SUMIFS(P24:AI24,P14:AI14,"[1]家族",P12:AI12,"[2]女",P13:AI13,">=65",P13:AI13,"<70") + SUMIFS(P25:AI25,P14:AI14,"[1]家族",P12:AI12,"[2]女",P13:AI13,">=65",P13:AI13,"<70") + SUMIFS(P26:AI26,P14:AI14,"[1]家族",P12:AI12,"[2]女",P13:AI13,">=65",P13:AI13,"<70") + SUMIFS(P27:AI27,P14:AI14,"[1]家族",P12:AI12,"[2]女",P13:AI13,">=65",P13:AI13,"<70") + SUMIFS(P28:AI28,P14:AI14,"[1]家族",P12:AI12,"[2]女",P13:AI13,">=65",P13:AI13,"<70") + SUMIFS(P29:AI29,P14:AI14,"[1]家族",P12:AI12,"[2]女",P13:AI13,">=65",P13:AI13,"<70") + SUMIFS(P30:AI30,P14:AI14,"[1]家族",P12:AI12,"[2]女",P13:AI13,">=65",P13:AI13,"<70") -> 0 | BK39: =SUMIFS(P15:AI15,P14:AI14,"[1]家族",P12:AI12,"[2]女",P13:AI13,">=70",P13:AI13,"<75") + SUMIFS(P16:AI16,P14:AI14,"[1]家族",P12:AI12,"[2]女",P13:AI13,">=70",P13:AI13,"<75") + SUMIFS(P17:AI17,P14:AI14,"[1]家族",P12:AI12,"[2]女",P13:AI13,">=70",P13:AI13,"<75") + SUMIFS(P18:AI18,P14:AI14,"[1]家族",P12:AI12,"[2]女",P13:AI13,">=70",P13:AI13,"<75") + SUMIFS(P19:AI19,P14:AI14,"[1]家族",P12:AI12,"[2]女",P13:AI13,">=70",P13:AI13,"<75") + SUMIFS(P20:AI20,P14:AI14,"[1]家族",P12:AI12,"[2]女",P13:AI13,">=70",P13:AI13,"<75") + SUMIFS(P21:AI21,P14:AI14,"[1]家族",P12:AI12,"[2]女",P13:AI13,">=70",P13:AI13,"<75") + SUMIFS(P22:AI22,P14:AI14,"[1]家族",P12:AI12,"[2]女",P13:AI13,">=70",P13:AI13,"<75") + SUMIFS(P23:AI23,P14:AI14,"[1]家族",P12:AI12,"[2]女",P13:AI13,">=70",P13:AI13,"<75") + SUMIFS(P24:AI24,P14:AI14,"[1]家族",P12:AI12,"[2]女",P13:AI13,">=70",P13:AI13,"<75") + SUMIFS(P25:AI25,P14:AI14,"[1]家族",P12:AI12,"[2]女",P13:AI13,">=70",P13:AI13,"<75") + SUMIFS(P26:AI26,P14:AI14,"[1]家族",P12:AI12,"[2]女",P13:AI13,">=70",P13:AI13,"<75") + SUMIFS(P27:AI27,P14:AI14,"[1]家族",P12:AI12,"[2]女",P13:AI13,">=70",P13:AI13,"<75") + SUMIFS(P28:AI28,P14:AI14,"[1]家族",P12:AI12,"[2]女",P13:AI13,">=70",P13:AI13,"<75") + SUMIFS(P29:AI29,P14:AI14,"[1]家族",P12:AI12,"[2]女",P13:AI13,">=70",P13:AI13,"<75") + SUMIFS(P30:AI30,P14:AI14,"[1]家族",P12:AI12,"[2]女",P13:AI13,">=70",P13:AI13,"<75") -> 0 | BL39: =SUMIFS(P15:AI15,P14:AI14,"[1]家族",P12:AI12,"[2]女",P13:AI13,">=75") + SUMIFS(P16:AI16,P14:AI14,"[1]家族",P12:AI12,"[2]女",P13:AI13,">=75") + SUMIFS(P17:AI17,P14:AI14,"[1]家族",P12:AI12,"[2]女",P13:AI13,">=75") + SUMIFS(P18:AI18,P14:AI14,"[1]家族",P12:AI12,"[2]女",P13:AI13,">=75") + SUMIFS(P19:AI19,P14:AI14,"[1]家族",P12:AI12,"[2]女",P13:AI13,">=75") + SUMIFS(P20:AI20,P14:AI14,"[1]家族",P12:AI12,"[2]女",P13:AI13,">=75") + SUMIFS(P21:AI21,P14:AI14,"[1]家族",P12:AI12,"[2]女",P13:AI13,">=75") + SUMIFS(P22:AI22,P14:AI14,"[1]家族",P12:AI12,"[2]女",P13:AI13,">=75") + SUMIFS(P23:AI23,P14:AI14,"[1]家族",P12:AI12,"[2]女",P13:AI13,">=75") + SUMIFS(P24:AI24,P14:AI14,"[1]家族",P12:AI12,"[2]女",P13:AI13,">=75") + SUMIFS(P25:AI25,P14:AI14,"[1]家族",P12:AI12,"[2]女",P13:AI13,">=75") + SUMIFS(P26:AI26,P14:AI14,"[1]家族",P12:AI12,"[2]女",P13:AI13,">=75") + SUMIFS(P27:AI27,P14:AI14,"[1]家族",P12:AI12,"[2]女",P13:AI13,">=75") + SUMIFS(P28:AI28,P14:AI14,"[1]家族",P12:AI12,"[2]女",P13:AI13,">=75") + SUMIFS(P29:AI29,P14:AI14,"[1]家族",P12:AI12,"[2]女",P13:AI13,">=75") + SUMIFS(P30:AI30,P14:AI14,"[1]家族",P12:AI12,"[2]女",P13:AI13,">=75") -> 0 | BM39: =SUM(BI39:BL39) -> 0 | BN39: =SUM(BD39,BI39) -> 0 | BO39: =SUM(BE39,BJ39) -> 0 | BP39: =SUM(BF39,BK39) -> 0 | BQ39: =SUM(BG39,BL39) -> 0 | BR39: =SUM(BN39:BQ39) -> 0
BC40: 間接労働 | BD40: =SUMIFS(P31:AI31,P14:AI14,"[1]家族",P12:AI12,"[1]男",P13:AI13,"<65") + SUMIFS(P31:AI31,P14:AI14,"[3]ゆい・手間替え受け",P12:AI12,"[1]男") -> 0 | BE40: =SUMIFS(P31:AI31,P14:AI14,"[1]家族",P12:AI12,"[1]男",P13:AI13,">=65",P13:AI13,"<70") -> 0 | BF40: =SUMIFS(P31:AI31,P14:AI14,"[1]家族",P12:AI12,"[1]男",P13:AI13,">=70",P13:AI13,"<75") -> 0 | BG40: =SUMIFS(P31:AI31,P14:AI14,"[1]家族",P12:AI12,"[1]男",P13:AI13,">=75") -> 0 | BH40: =SUM(BD40:BG40) -> 0 | BI40: =SUMIFS(P31:AI31,P14:AI14,"[1]家族",P12:AI12,"[2]女",P13:AI13,"<65") + SUMIFS(P31:AI31,P14:AI14,"[3]ゆい・手間替え受け",P12:AI12,"[2]女") -> 0 | BJ40: =SUMIFS(P31:AI31,P14:AI14,"[1]家族",P12:AI12,"[2]女",P13:AI13,">=65",P13:AI13,"<70") -> 0 | BK40: =SUMIFS(P31:AI31,P14:AI14,"[1]家族",P12:AI12,"[2]女",P13:AI13,">=70",P13:AI13,"<75") -> 0 | BL40: =SUMIFS(P31:AI31,P14:AI14,"[1]家族",P12:AI12,"[2]女",P13:AI13,">=75") -> 0 | BM40: =SUM(BI40:BL40) -> 0 | BN40: =SUM(BD40,BI40) -> 0 | BO40: =SUM(BE40,BJ40) -> 0 | BP40: =SUM(BF40,BK40) -> 0 | BQ40: =SUM(BG40,BL40) -> 0 | BR40: =SUM(BN40:BQ40) -> 0
BC41: 計 | BD41: =SUM(BD39:BD40) -> 0 | BE41: =SUM(BE39:BE40) -> 0 | BF41: =SUM(BF39:BF40) -> 0 | BG41: =SUM(BG39:BG40) -> 0 | BH41: =SUM(BD41:BG41) -> 0 | BI41: =SUM(BI39:BI40) -> 0 | BJ41: =SUM(BJ39:BJ40) -> 0 | BK41: =SUM(BK39:BK40) -> 0 | BL41: =SUM(BL39:BL40) -> 0 | BM41: =SUM(BI41:BL41) -> 0 | BN41: =SUM(BN39:BN40) -> 0 | BO41: =SUM(BO39:BO40) -> 0 | BP41: =SUM(BP39:BP40) -> 0 | BQ41: =SUM(BQ39:BQ40) -> 0 | BR41: =SUM(BN41:BQ41) -> 0
BB42: 労働評価額 | BC42: 直接労働 | BD42: =BD39*$BO$32 -> 0 | BE42: =ROUND(BE39*$BO$32*0.9,) -> 0 | BF42: =ROUND(BF39*$BO$32*0.8,) -> 0 | BG42: =ROUND(BG39*$BO$32*0.7,) -> 0 | BH42: =SUM(BD42:BG42) -> 0 | BI42: =BI39*$BO$32 -> 0 | BJ42: =ROUND(BJ39*$BO$32*0.9,) -> 0 | BK42: =ROUND(BK39*$BO$32*0.8,) -> 0 | BL42: =ROUND(BL39*$BO$32*0.7,) -> 0 | BM42: =SUM(BI42:BL42) -> 0 | BN42: =SUM(BD42,BI42) -> 0 | BO42: =SUM(BE42,BJ42) -> 0 | BP42: =SUM(BF42,BK42) -> 0 | BQ42: =SUM(BG42,BL42) -> 0 | BR42: =ROUND(SUM(BN42:BQ42),0) -> 0
BC43: 間接労働 | BD43: =BD40*$BO$32 -> 0 | BE43: =ROUND(BE40*$BO$32*0.9,) -> 0 | BF43: =ROUND(BF40*$BO$32*0.8,) -> 0 | BG43: =ROUND(BG40*$BO$32*0.7,) -> 0 | BH43: =SUM(BD43:BG43) -> 0 | BI43: =BI40*$BO$32 -> 0 | BJ43: =ROUND(BJ40*$BO$32*0.9,) -> 0 | BK43: =ROUND(BK40*$BO$32*0.8,) -> 0 | BL43: =ROUND(BL40*$BO$32*0.7,) -> 0 | BM43: =SUM(BI43:BL43) -> 0 | BN43: =SUM(BD43,BI43) -> 0 | BO43: =SUM(BE43,BJ43) -> 0 | BP43: =SUM(BF43,BK43) -> 0 | BQ43: =SUM(BG43,BL43) -> 0 | BR43: =ROUND(SUM(BN43:BQ43),0) -> 0
BC44: 計 | BD44: =ROUND(SUM(BD42:BD43),0) -> 0 | BE44: =ROUND(SUM(BE42:BE43),0) -> 0 | BF44: =ROUND(SUM(BF42:BF43),0) -> 0 | BG44: =ROUND(SUM(BG42:BG43),0) -> 0 | BH44: =SUM(BD44:BG44) -> 0 | BI44: =ROUND(SUM(BI42:BI43),0) -> 0 | BJ44: =ROUND(SUM(BJ42:BJ43),0) -> 0 | BK44: =ROUND(SUM(BK42:BK43),0) -> 0 | BL44: =ROUND(SUM(BL42:BL43),0) -> 0 | BM44: =SUM(BI44:BL44) -> 0 | BN44: =SUM(BN42:BN43) -> 0 | BO44: =SUM(BO42:BO43) -> 0 | BP44: =SUM(BP42:BP43) -> 0 | BQ44: =SUM(BQ42:BQ43) -> 0 | BR44: =SUM(BN44:BQ44) -> 0
BD46: 雇用
BD47: 男 | BK47: 女 | BR47: 小 計
BD48: 雇用 | BE48: 同居人、手伝い・共同作業受け | BJ48: 計 | BK48: 雇用 | BL48: 同居人、手伝い・共同作業受け | BQ48: 計
BE49: ６５歳未満 | BF49: ６５～７０ | BG49: ７０～７５ | BH49: ７５歳以上 | BI49: 計 | BL49: ６５歳未満 | BM49: ６５～７０ | BN49: ７０～７５ | BO49: ７５歳以上 | BP49: 計
BB50: 労働時間 | BC50: 直接労働 | BD50: =BG14 -> 0 | BE50: =SUM(SUMIFS(P15:AI15,P14:AI14,{"[2]同居人"},P12:AI12,"[1]男",P13:AI13,"<65")) + SUM(SUMIFS(P16:AI16,P14:AI14,{"[2]同居人"},P12:AI12,"[1]男",P13:AI13,"<65")) + SUM(SUMIFS(P17:AI17,P14:AI14,{"[2]同居人"},P12:AI12,"[1]男",P13:AI13,"<65")) + SUM(SUMIFS(P18:AI18,P14:AI14,{"[2]同居人"},P12:AI12,"[1]男",P13:AI13,"<65")) + SUM(SUMIFS(P19:AI19,P14:AI14,{"[2]同居人"},P12:AI12,"[1]男",P13:AI13,"<65")) + SUM(SUMIFS(P20:AI20,P14:AI14,{"[2]同居人"},P12:AI12,"[1]男",P13:AI13,"<65")) + SUM(SUMIFS(P21:AI21,P14:AI14,{"[2]同居人"},P12:AI12,"[1]男",P13:AI13,"<65")) + SUM(SUMIFS(P22:AI22,P14:AI14,{"[2]同居人"},P12:AI12,"[1]男",P13:AI13,"<65")) + SUM(SUMIFS(P23:AI23,P14:AI14,{"[2]同居人"},P12:AI12,"[1]男",P13:AI13,"<65")) + SUM(SUMIFS(P24:AI24,P14:AI14,{"[2]同居人"},P12:AI12,"[1]男",P13:AI13,"<65")) + SUM(SUMIFS(P25:AI25,P14:AI14,{"[2]同居人"},P12:AI12,"[1]男",P13:AI13,"<65")) + SUM(SUMIFS(P26:AI26,P14:AI14,{"[2]同居人"},P12:AI12,"[1]男",P13:AI13,"<65")) + SUM(SUMIFS(P27:AI27,P14:AI14,{"[2]同居人"},P12:AI12,"[1]男",P13:AI13,"<65")) + SUM(SUMIFS(P28:AI28,P14:AI14,{"[2]同居人"},P12:AI12,"[1]男",P13:AI13,"<65")) + SUM(SUMIFS(P29:AI29,P14:AI14,{"[2]同居人"},P12:AI12,"[1]男",P13:AI13,"<65")) + SUM(SUMIFS(P15:AI15,P14:AI14,{"[4]手伝い・共同作業受け"},P12:AI12,"[1]男")) + SUM(SUMIFS(P16:AI16,P14:AI14,{"[4]手伝い・共同作業受け"},P12:AI12,"[1]男")) + SUM(SUMIFS(P17:AI17,P14:AI14,{"[4]手伝い・共同作業受け"},P12:AI12,"[1]男")) + SUM(SUMIFS(P18:AI18,P14:AI14,{"[4]手伝い・共同作業受け"},P12:AI12,"[1]男")) + SUM(SUMIFS(P19:AI19,P14:AI14,{"[4]手伝い・共同作業受け"},P12:AI12,"[1]男")) + SUM(SUMIFS(P20:AI20,P14:AI14,{"[4]手伝い・共同作業受け"},P12:AI12,"[1]男")) + SUM(SUMIFS(P21:AI21,P14:AI14,{"[4]手伝い・共同作業受け"},P12:AI12,"[1]男")) + SUM(SUMIFS(P22:AI22,P14:AI14,{"[4]手伝い・共同作業受け"},P12:AI12,"[1]男")) + SUM(SUMIFS(P23:AI23,P14:AI14,{"[4]手伝い・共同作業受け"},P12:AI12,"[1]男")) + SUM(SUMIFS(P24:AI24,P14:AI14,{"[4]手伝い・共同作業受け"},P12:AI12,"[1]男")) + SUM(SUMIFS(P25:AI25,P14:AI14,{"[4]手伝い・共同作業受け"},P12:AI12,"[1]男")) + SUM(SUMIFS(P26:AI26,P14:AI14,{"[4]手伝い・共同作業受け"},P12:AI12,"[1]男")) + SUM(SUMIFS(P27:AI27,P14:AI14,{"[4]手伝い・共同作業受け"},P12:AI12,"[1]男")) + SUM(SUMIFS(P28:AI28,P14:AI14,{"[4]手伝い・共同作業受け"},P12:AI12,"[1]男")) + SUM(SUMIFS(P29:AI29,P14:AI14,{"[4]手伝い・共同作業受け"},P12:AI12,"[1]男")) -> 0 | BF50: =SUM(SUMIFS(P15:AI15,P14:AI14,{"[2]同居人"},P12:AI12,"[1]男",P13:AI13,">=65",P13:AI13,"<70")) + SUM(SUMIFS(P16:AI16,P14:AI14,{"[2]同居人"},P12:AI12,"[1]男",P13:AI13,">=65",P13:AI13,"<70")) + SUM(SUMIFS(P17:AI17,P14:AI14,{"[2]同居人"},P12:AI12,"[1]男",P13:AI13,">=65",P13:AI13,"<70")) + SUM(SUMIFS(P18:AI18,P14:AI14,{"[2]同居人"},P12:AI12,"[1]男",P13:AI13,">=65",P13:AI13,"<70")) + SUM(SUMIFS(P19:AI19,P14:AI14,{"[2]同居人"},P12:AI12,"[1]男",P13:AI13,">=65",P13:AI13,"<70")) + SUM(SUMIFS(P20:AI20,P14:AI14,{"[2]同居人"},P12:AI12,"[1]男",P13:AI13,">=65",P13:AI13,"<70")) + SUM(SUMIFS(P21:AI21,P14:AI14,{"[2]同居人"},P12:AI12,"[1]男",P13:AI13,">=65",P13:AI13,"<70")) + SUM(SUMIFS(P22:AI22,P14:AI14,{"[2]同居人"},P12:AI12,"[1]男",P13:AI13,">=65",P13:AI13,"<70")) + SUM(SUMIFS(P23:AI23,P14:AI14,{"[2]同居人"},P12:AI12,"[1]男",P13:AI13,">=65",P13:AI13,"<70")) + SUM(SUMIFS(P24:AI24,P14:AI14,{"[2]同居人"},P12:AI12,"[1]男",P13:AI13,">=65",P13:AI13,"<70")) + SUM(SUMIFS(P25:AI25,P14:AI14,{"[2]同居人"},P12:AI12,"[1]男",P13:AI13,">=65",P13:AI13,"<70")) + SUM(SUMIFS(P26:AI26,P14:AI14,{"[2]同居人"},P12:AI12,"[1]男",P13:AI13,">=65",P13:AI13,"<70")) + SUM(SUMIFS(P27:AI27,P14:AI14,{"[2]同居人"},P12:AI12,"[1]男",P13:AI13,">=65",P13:AI13,"<70")) + SUM(SUMIFS(P28:AI28,P14:AI14,{"[2]同居人"},P12:AI12,"[1]男",P13:AI13,">=65",P13:AI13,"<70")) + SUM(SUMIFS(P29:AI29,P14:AI14,{"[2]同居人"},P12:AI12,"[1]男",P13:AI13,">=65",P13:AI13,"<70")) -> 0 | BG50: =SUM(SUMIFS(P15:AI15,P14:AI14,{"[2]同居人"},P12:AI12,"[1]男",P13:AI13,">=70",P13:AI13,"<75")) + SUM(SUMIFS(P16:AI16,P14:AI14,{"[2]同居人"},P12:AI12,"[1]男",P13:AI13,">=70",P13:AI13,"<75")) + SUM(SUMIFS(P17:AI17,P14:AI14,{"[2]同居人"},P12:AI12,"[1]男",P13:AI13,">=70",P13:AI13,"<75")) + SUM(SUMIFS(P18:AI18,P14:AI14,{"[2]同居人"},P12:AI12,"[1]男",P13:AI13,">=70",P13:AI13,"<75")) + SUM(SUMIFS(P19:AI19,P14:AI14,{"[2]同居人"},P12:AI12,"[1]男",P13:AI13,">=70",P13:AI13,"<75")) + SUM(SUMIFS(P20:AI20,P14:AI14,{"[2]同居人"},P12:AI12,"[1]男",P13:AI13,">=70",P13:AI13,"<75")) + SUM(SUMIFS(P21:AI21,P14:AI14,{"[2]同居人"},P12:AI12,"[1]男",P13:AI13,">=70",P13:AI13,"<75")) + SUM(SUMIFS(P22:AI22,P14:AI14,{"[2]同居人"},P12:AI12,"[1]男",P13:AI13,">=70",P13:AI13,"<75")) + SUM(SUMIFS(P23:AI23,P14:AI14,{"[2]同居人"},P12:AI12,"[1]男",P13:AI13,">=70",P13:AI13,"<75")) + SUM(SUMIFS(P24:AI24,P14:AI14,{"[2]同居人"},P12:AI12,"[1]男",P13:AI13,">=70",P13:AI13,"<75")) + SUM(SUMIFS(P25:AI25,P14:AI14,{"[2]同居人"},P12:AI12,"[1]男",P13:AI13,">=70",P13:AI13,"<75")) + SUM(SUMIFS(P26:AI26,P14:AI14,{"[2]同居人"},P12:AI12,"[1]男",P13:AI13,">=70",P13:AI13,"<75")) + SUM(SUMIFS(P27:AI27,P14:AI14,{"[2]同居人"},P12:AI12,"[1]男",P13:AI13,">=70",P13:AI13,"<75")) + SUM(SUMIFS(P28:AI28,P14:AI14,{"[2]同居人"},P12:AI12,"[1]男",P13:AI13,">=70",P13:AI13,"<75")) + SUM(SUMIFS(P29:AI29,P14:AI14,{"[2]同居人"},P12:AI12,"[1]男",P13:AI13,">=70",P13:AI13,"<75")) -> 0 | BH50: =SUM(SUMIFS(P15:AI15,P14:AI14,{"[2]同居人"},P12:AI12,"[1]男",P13:AI13,">=75")) + SUM(SUMIFS(P16:AI16,P14:AI14,{"[2]同居人"},P12:AI12,"[1]男",P13:AI13,">=75")) + SUM(SUMIFS(P17:AI17,P14:AI14,{"[2]同居人"},P12:AI12,"[1]男",P13:AI13,">=75")) + SUM(SUMIFS(P18:AI18,P14:AI14,{"[2]同居人"},P12:AI12,"[1]男",P13:AI13,">=75")) + SUM(SUMIFS(P19:AI19,P14:AI14,{"[2]同居人"},P12:AI12,"[1]男",P13:AI13,">=75")) + SUM(SUMIFS(P20:AI20,P14:AI14,{"[2]同居人"},P12:AI12,"[1]男",P13:AI13,">=75")) + SUM(SUMIFS(P21:AI21,P14:AI14,{"[2]同居人"},P12:AI12,"[1]男",P13:AI13,">=75")) + SUM(SUMIFS(P22:AI22,P14:AI14,{"[2]同居人"},P12:AI12,"[1]男",P13:AI13,">=75")) + SUM(SUMIFS(P23:AI23,P14:AI14,{"[2]同居人"},P12:AI12,"[1]男",P13:AI13,">=75")) + SUM(SUMIFS(P24:AI24,P14:AI14,{"[2]同居人"},P12:AI12,"[1]男",P13:AI13,">=75")) + SUM(SUMIFS(P25:AI25,P14:AI14,{"[2]同居人"},P12:AI12,"[1]男",P13:AI13,">=75")) + SUM(SUMIFS(P26:AI26,P14:AI14,{"[2]同居人"},P12:AI12,"[1]男",P13:AI13,">=75")) + SUM(SUMIFS(P27:AI27,P14:AI14,{"[2]同居人"},P12:AI12,"[1]男",P13:AI13,">=75")) + SUM(SUMIFS(P28:AI28,P14:AI14,{"[2]同居人"},P12:AI12,"[1]男",P13:AI13,">=75")) + SUM(SUMIFS(P29:AI29,P14:AI14,{"[2]同居人"},P12:AI12,"[1]男",P13:AI13,">=75")) -> 0 | BI50: =SUM(BE50:BH50) -> 0 | BJ50: =SUM(BD50,BI50) -> 0 | BK50: =BJ14 -> 0 | BL50: =SUM(SUMIFS(P15:AI15,P14:AI14,{"[2]同居人"},P12:AI12,"[2]女",P13:AI13,"<65")) + SUM(SUMIFS(P16:AI16,P14:AI14,{"[2]同居人"},P12:AI12,"[2]女",P13:AI13,"<65")) + SUM(SUMIFS(P17:AI17,P14:AI14,{"[2]同居人"},P12:AI12,"[2]女",P13:AI13,"<65")) + SUM(SUMIFS(P18:AI18,P14:AI14,{"[2]同居人"},P12:AI12,"[2]女",P13:AI13,"<65")) + SUM(SUMIFS(P19:AI19,P14:AI14,{"[2]同居人"},P12:AI12,"[2]女",P13:AI13,"<65")) + SUM(SUMIFS(P20:AI20,P14:AI14,{"[2]同居人"},P12:AI12,"[2]女",P13:AI13,"<65")) + SUM(SUMIFS(P21:AI21,P14:AI14,{"[2]同居人"},P12:AI12,"[2]女",P13:AI13,"<65")) + SUM(SUMIFS(P22:AI22,P14:AI14,{"[2]同居人"},P12:AI12,"[2]女",P13:AI13,"<65")) + SUM(SUMIFS(P23:AI23,P14:AI14,{"[2]同居人"},P12:AI12,"[2]女",P13:AI13,"<65")) + SUM(SUMIFS(P24:AI24,P14:AI14,{"[2]同居人"},P12:AI12,"[2]女",P13:AI13,"<65")) + SUM(SUMIFS(P25:AI25,P14:AI14,{"[2]同居人"},P12:AI12,"[2]女",P13:AI13,"<65")) + SUM(SUMIFS(P26:AI26,P14:AI14,{"[2]同居人"},P12:AI12,"[2]女",P13:AI13,"<65")) + SUM(SUMIFS(P27:AI27,P14:AI14,{"[2]同居人"},P12:AI12,"[2]女",P13:AI13,"<65")) + SUM(SUMIFS(P28:AI28,P14:AI14,{"[2]同居人"},P12:AI12,"[2]女",P13:AI13,"<65")) + SUM(SUMIFS(P29:AI29,P14:AI14,{"[2]同居人"},P12:AI12,"[2]女",P13:AI13,"<65")) + SUM(SUMIFS(P15:AI15,P14:AI14,{"[4]手伝い・共同作業受け"},P12:AI12,"[2]女")) + SUM(SUMIFS(P16:AI16,P14:AI14,{"[4]手伝い・共同作業受け"},P12:AI12,"[2]女")) + SUM(SUMIFS(P17:AI17,P14:AI14,{"[4]手伝い・共同作業受け"},P12:AI12,"[2]女")) + SUM(SUMIFS(P18:AI18,P14:AI14,{"[4]手伝い・共同作業受け"},P12:AI12,"[2]女")) + SUM(SUMIFS(P19:AI19,P14:AI14,{"[4]手伝い・共同作業受け"},P12:AI12,"[2]女")) + SUM(SUMIFS(P20:AI20,P14:AI14,{"[4]手伝い・共同作業受け"},P12:AI12,"[2]女")) + SUM(SUMIFS(P21:AI21,P14:AI14,{"[4]手伝い・共同作業受け"},P12:AI12,"[2]女")) + SUM(SUMIFS(P22:AI22,P14:AI14,{"[4]手伝い・共同作業受け"},P12:AI12,"[2]女")) + SUM(SUMIFS(P23:AI23,P14:AI14,{"[4]手伝い・共同作業受け"},P12:AI12,"[2]女")) + SUM(SUMIFS(P24:AI24,P14:AI14,{"[4]手伝い・共同作業受け"},P12:AI12,"[2]女")) + SUM(SUMIFS(P25:AI25,P14:AI14,{"[4]手伝い・共同作業受け"},P12:AI12,"[2]女")) + SUM(SUMIFS(P26:AI26,P14:AI14,{"[4]手伝い・共同作業受け"},P12:AI12,"[2]女")) + SUM(SUMIFS(P27:AI27,P14:AI14,{"[4]手伝い・共同作業受け"},P12:AI12,"[2]女")) + SUM(SUMIFS(P28:AI28,P14:AI14,{"[4]手伝い・共同作業受け"},P12:AI12,"[2]女")) + SUM(SUMIFS(P29:AI29,P14:AI14,{"[4]手伝い・共同作業受け"},P12:AI12,"[2]女")) -> 0 | BM50: =SUM(SUMIFS(P15:AI15,P14:AI14,{"[2]同居人"},P12:AI12,"[2]女",P13:AI13,">=65",P13:AI13,"<70")) + SUM(SUMIFS(P16:AI16,P14:AI14,{"[2]同居人"},P12:AI12,"[2]女",P13:AI13,">=65",P13:AI13,"<70")) + SUM(SUMIFS(P17:AI17,P14:AI14,{"[2]同居人"},P12:AI12,"[2]女",P13:AI13,">=65",P13:AI13,"<70")) + SUM(SUMIFS(P18:AI18,P14:AI14,{"[2]同居人"},P12:AI12,"[2]女",P13:AI13,">=65",P13:AI13,"<70")) + SUM(SUMIFS(P19:AI19,P14:AI14,{"[2]同居人"},P12:AI12,"[2]女",P13:AI13,">=65",P13:AI13,"<70")) + SUM(SUMIFS(P20:AI20,P14:AI14,{"[2]同居人"},P12:AI12,"[2]女",P13:AI13,">=65",P13:AI13,"<70")) + SUM(SUMIFS(P21:AI21,P14:AI14,{"[2]同居人"},P12:AI12,"[2]女",P13:AI13,">=65",P13:AI13,"<70")) + SUM(SUMIFS(P22:AI22,P14:AI14,{"[2]同居人"},P12:AI12,"[2]女",P13:AI13,">=65",P13:AI13,"<70")) + SUM(SUMIFS(P23:AI23,P14:AI14,{"[2]同居人"},P12:AI12,"[2]女",P13:AI13,">=65",P13:AI13,"<70")) + SUM(SUMIFS(P24:AI24,P14:AI14,{"[2]同居人"},P12:AI12,"[2]女",P13:AI13,">=65",P13:AI13,"<70")) + SUM(SUMIFS(P25:AI25,P14:AI14,{"[2]同居人"},P12:AI12,"[2]女",P13:AI13,">=65",P13:AI13,"<70")) + SUM(SUMIFS(P26:AI26,P14:AI14,{"[2]同居人"},P12:AI12,"[2]女",P13:AI13,">=65",P13:AI13,"<70")) + SUM(SUMIFS(P27:AI27,P14:AI14,{"[2]同居人"},P12:AI12,"[2]女",P13:AI13,">=65",P13:AI13,"<70")) + SUM(SUMIFS(P28:AI28,P14:AI14,{"[2]同居人"},P12:AI12,"[2]女",P13:AI13,">=65",P13:AI13,"<70")) + SUM(SUMIFS(P29:AI29,P14:AI14,{"[2]同居人"},P12:AI12,"[2]女",P13:AI13,">=65",P13:AI13,"<70")) -> 0 | BN50: =SUM(SUMIFS(P15:AI15,P14:AI14,{"[2]同居人"},P12:AI12,"[2]女",P13:AI13,">=70",P13:AI13,"<75")) + SUM(SUMIFS(P16:AI16,P14:AI14,{"[2]同居人"},P12:AI12,"[2]女",P13:AI13,">=70",P13:AI13,"<75")) + SUM(SUMIFS(P17:AI17,P14:AI14,{"[2]同居人"},P12:AI12,"[2]女",P13:AI13,">=70",P13:AI13,"<75")) + SUM(SUMIFS(P18:AI18,P14:AI14,{"[2]同居人"},P12:AI12,"[2]女",P13:AI13,">=70",P13:AI13,"<75")) + SUM(SUMIFS(P19:AI19,P14:AI14,{"[2]同居人"},P12:AI12,"[2]女",P13:AI13,">=70",P13:AI13,"<75")) + SUM(SUMIFS(P20:AI20,P14:AI14,{"[2]同居人"},P12:AI12,"[2]女",P13:AI13,">=70",P13:AI13,"<75")) + SUM(SUMIFS(P21:AI21,P14:AI14,{"[2]同居人"},P12:AI12,"[2]女",P13:AI13,">=70",P13:AI13,"<75")) + SUM(SUMIFS(P22:AI22,P14:AI14,{"[2]同居人"},P12:AI12,"[2]女",P13:AI13,">=70",P13:AI13,"<75")) + SUM(SUMIFS(P23:AI23,P14:AI14,{"[2]同居人"},P12:AI12,"[2]女",P13:AI13,">=70",P13:AI13,"<75")) + SUM(SUMIFS(P24:AI24,P14:AI14,{"[2]同居人"},P12:AI12,"[2]女",P13:AI13,">=70",P13:AI13,"<75")) + SUM(SUMIFS(P25:AI25,P14:AI14,{"[2]同居人"},P12:AI12,"[2]女",P13:AI13,">=70",P13:AI13,"<75")) + SUM(SUMIFS(P26:AI26,P14:AI14,{"[2]同居人"},P12:AI12,"[2]女",P13:AI13,">=70",P13:AI13,"<75")) + SUM(SUMIFS(P27:AI27,P14:AI14,{"[2]同居人"},P12:AI12,"[2]女",P13:AI13,">=70",P13:AI13,"<75")) + SUM(SUMIFS(P28:AI28,P14:AI14,{"[2]同居人"},P12:AI12,"[2]女",P13:AI13,">=70",P13:AI13,"<75")) + SUM(SUMIFS(P29:AI29,P14:AI14,{"[2]同居人"},P12:AI12,"[2]女",P13:AI13,">=70",P13:AI13,"<75")) -> 0 | BO50: =SUM(SUMIFS(P15:AI15,P14:AI14,{"[2]同居人"},P12:AI12,"[2]女",P13:AI13,">=75")) + SUM(SUMIFS(P16:AI16,P14:AI14,{"[2]同居人"},P12:AI12,"[2]女",P13:AI13,">=75")) + SUM(SUMIFS(P17:AI17,P14:AI14,{"[2]同居人"},P12:AI12,"[2]女",P13:AI13,">=75")) + SUM(SUMIFS(P18:AI18,P14:AI14,{"[2]同居人"},P12:AI12,"[2]女",P13:AI13,">=75")) + SUM(SUMIFS(P19:AI19,P14:AI14,{"[2]同居人"},P12:AI12,"[2]女",P13:AI13,">=75")) + SUM(SUMIFS(P20:AI20,P14:AI14,{"[2]同居人"},P12:AI12,"[2]女",P13:AI13,">=75")) + SUM(SUMIFS(P21:AI21,P14:AI14,{"[2]同居人"},P12:AI12,"[2]女",P13:AI13,">=75")) + SUM(SUMIFS(P22:AI22,P14:AI14,{"[2]同居人"},P12:AI12,"[2]女",P13:AI13,">=75")) + SUM(SUMIFS(P23:AI23,P14:AI14,{"[2]同居人"},P12:AI12,"[2]女",P13:AI13,">=75")) + SUM(SUMIFS(P24:AI24,P14:AI14,{"[2]同居人"},P12:AI12,"[2]女",P13:AI13,">=75")) + SUM(SUMIFS(P25:AI25,P14:AI14,{"[2]同居人"},P12:AI12,"[2]女",P13:AI13,">=75")) + SUM(SUMIFS(P26:AI26,P14:AI14,{"[2]同居人"},P12:AI12,"[2]女",P13:AI13,">=75")) + SUM(SUMIFS(P27:AI27,P14:AI14,{"[2]同居人"},P12:AI12,"[2]女",P13:AI13,">=75")) + SUM(SUMIFS(P28:AI28,P14:AI14,{"[2]同居人"},P12:AI12,"[2]女",P13:AI13,">=75")) + SUM(SUMIFS(P29:AI29,P14:AI14,{"[2]同居人"},P12:AI12,"[2]女",P13:AI13,">=75")) -> 0 | BP50: =SUM(BL50:BO50) -> 0 | BQ50: =SUM(BK50,BP50) -> 0 | BR50: =SUM(BQ50,BJ50) -> 0
BC51: 間接労働 | BD51: =BG31 -> 0 | BE51: =SUM(SUMIFS(P31:AI31,P14:AI14,{"[2]同居人"},P12:AI12,"[1]男",P13:AI13,"<65"))+ SUM(SUMIFS(P31:AI31,P14:AI14,{"[4]手伝い・共同作業受け"},P12:AI12,"[1]男")) -> 0 | BF51: =SUM(SUMIFS(P31:AI31,P14:AI14,{"[2]同居人"},P12:AI12,"[1]男",P13:AI13,">=65",P13:AI13,"<70")) -> 0 | BG51: =SUM(SUMIFS(P31:AI31,P14:AI14,{"[2]同居人"},P12:AI12,"[1]男",P13:AI13,">=70",P13:AI13,"<75")) -> 0 | BH51: =SUM(SUMIFS(P31:AI31,P14:AI14,{"[2]同居人"},P12:AI12,"[1]男",P13:AI13,">=75")) -> 0 | BI51: =SUM(BE51:BH51) -> 0 | BJ51: =SUM(BD51,BI51) -> 0 | BK51: =BJ31 -> 0 | BL51: =SUM(SUMIFS(P31:AI31,P14:AI14,{"[2]同居人"},P12:AI12,"[2]女",P13:AI13,"<65"))+ SUM(SUMIFS(P31:AI31,P14:AI14,{"[4]手伝い・共同作業受け"},P12:AI12,"[2]女")) -> 0 | BM51: =SUM(SUMIFS(P31:AI31,P14:AI14,{"[2]同居人"},P12:AI12,"[2]女",P13:AI13,">=65",P13:AI13,"<70")) -> 0 | BN51: =SUM(SUMIFS(P31:AI31,P14:AI14,{"[2]同居人"},P12:AI12,"[2]女",P13:AI13,">=70",P13:AI13,"<75")) -> 0 | BO51: =SUM(SUMIFS(P31:AI31,P14:AI14,{"[2]同居人"},P12:AI12,"[2]女",P13:AI13,">=75")) -> 0 | BP51: =SUM(BL51:BO51) -> 0 | BQ51: =SUM(BK51,BP51) -> 0 | BR51: =SUM(BQ51,BJ51) -> 0
BC52: 計 | BD52: =SUM(BD50:BD51) -> 0 | BE52: =SUM(BE50:BE51) -> 0 | BF52: =SUM(BF50:BF51) -> 0 | BG52: =SUM(BG50:BG51) -> 0 | BH52: =SUM(BH50:BH51) -> 0 | BI52: =SUM(BE52:BH52) -> 0 | BJ52: =SUM(BD52,BI52) -> 0 | BK52: =SUM(BK50:BK51) -> 0 | BL52: =SUM(BL50:BL51) -> 0 | BM52: =SUM(BM50:BM51) -> 0 | BN52: =SUM(BN50:BN51) -> 0 | BO52: =SUM(BO50:BO51) -> 0 | BP52: =SUM(BL52:BO52) -> 0 | BQ52: =SUM(BK52,BP52) -> 0 | BR52: =SUM(BQ52,BJ52) -> 0
BB53: 労働評価額 | BC53: 直接労働 | BD53: =IF(OR(BD52="",BD52=0),"",ROUND(P37*Q37%*BD50/BD52,)) | BE53: =BE50*$BO$32 -> 0 | BF53: =ROUND(BF50*$BO$32*0.9,) -> 0 | BG53: =ROUND(BG50*$BO$32*0.8,) -> 0 | BH53: =ROUND(BH50*$BO$32*0.7,) -> 0 | BI53: =SUM(BE53:BH53) -> 0 | BJ53: =SUM(BD53,BI53) -> 0 | BK53: =IF(BK52>0,ROUND(P38*Q38%*BK50/BK52,),"") | BL53: =BL50*$BO$32 -> 0 | BM53: =ROUND(BM50*$BO$32*0.9,) -> 0 | BN53: =ROUND(BN50*$BO$32*0.8,) -> 0 | BO53: =ROUND(BO50*$BO$32*0.7,) -> 0 | BP53: =SUM(BL53:BO53) -> 0 | BQ53: =SUM(BK53,BP53) -> 0 | BR53: =ROUND(SUM(BQ53,BJ53),0) -> 0
BC54: 間接労働 | BD54: =IF(OR(BD52="",BD52=0),"",ROUND(P37*Q37%*BD51/BD52,)) | BE54: =BE51*$BO$32 -> 0 | BF54: =ROUND(BF51*$BO$32*0.9,) -> 0 | BG54: =ROUND(BG51*$BO$32*0.8,) -> 0 | BH54: =ROUND(BH51*$BO$32*0.7,) -> 0 | BI54: =SUM(BE54:BH54) -> 0 | BJ54: =SUM(BD54,BI54) -> 0 | BK54: =IF(BK52>0,ROUND(P38*Q38%*BK51/BK52,),"") | BL54: =BL51*$BO$32 -> 0 | BM54: =ROUND(BM51*$BO$32*0.9,) -> 0 | BN54: =ROUND(BN51*$BO$32*0.8,) -> 0 | BO54: =ROUND(BO51*$BO$32*0.7,) -> 0 | BP54: =SUM(BL54:BO54) -> 0 | BQ54: =SUM(BK54,BP54) -> 0 | BR54: =ROUND(SUM(BQ54,BJ54),0) -> 0
BC55: 計 | BD55: =SUM(BD53:BD54) -> 0 | BE55: =SUM(BE53:BE54) -> 0 | BF55: =SUM(BF53:BF54) -> 0 | BG55: =SUM(BG53:BG54) -> 0 | BH55: =SUM(BH53:BH54) -> 0 | BI55: =SUM(BE55:BH55) -> 0 | BJ55: =ROUND(SUM(BD55,BI55),0) -> 0 | BK55: =SUM(BK53:BK54) -> 0 | BL55: =SUM(BL53:BL54) -> 0 | BM55: =SUM(BM53:BM54) -> 0 | BN55: =SUM(BN53:BN54) -> 0 | BO55: =SUM(BO53:BO54) -> 0 | BP55: =SUM(BL55:BO55) -> 0 | BQ55: =ROUND(SUM(BK55,BP55),0) -> 0 | BR55: =SUM(BQ55,BJ55) -> 0

Sheet 【12】作業別労働時間①_組織
A1: 農産物生産費統計 調査票貼付シート | AU1: 【職員記入欄】
A2: 【12】作業別労働時間 | AU2: 【12】作業別労働時間
B7: １ 構成員（年齢階層別）・雇用別の労働時間
AU9: 作業別労働時間
AB10: <65 | AD10: >=65 | AE10: <70 | AF10: >=70 | AG10: <75 | AH10: >=75 | AR10: 単位：時間
D11: 作業種類 | L11: 内容例示 | AB11: 構成員の年齢階層 | AJ11: 雇用 | AM11: 作業種類
AX12: 単位：時間
AB13: 65歳未満 | AD13: 65～69歳 | AF13: 70～74歳 | AH13: 75歳以上 | AJ13: 合計 | AW13: 構成員 | AX13: 雇用
AB15: 延べ 作業時間 | AC15: 実 人数 | AD15: 延べ 作業時間 | AE15: 実 人数 | AF15: 延べ 作業時間 | AG15: 実 人数 | AH15: 延べ 作業時間 | AI15: 実 人数 | AJ15: 延べ 作業時間 | AK15: 実 人数
D17: =設定!H8 | AB17: =ROUND(SUMIFS(月別入力!$I:$I,月別入力!$D:$D,$D17,月別入力!$G:$G,AB$10,月別入力!$H:$H,"=[1]構成員"),1) -> 0 | AC17: =COUNTIFS(設定!$H:$H,">0",設定!$F:$F,"=[1]構成員",設定!$E:$E,AB$10) -> 0 | AD17: =ROUND(SUMIFS(月別入力!$I:$I,月別入力!$D:$D,$D17,月別入力!$G:$G,AD$10,月別入力!$G:$G,AE$10,月別入力!$H:$H,"=[1]構成員"),1) -> 0 | AE17: =COUNTIFS(設定!$H:$H,">0",設定!$F:$F,"=[1]構成員",設定!$E:$E,AD$10,設定!$E:$E,AE$10) -> 0 | AF17: =ROUND(SUMIFS(月別入力!$I:$I,月別入力!$D:$D,$D17,月別入力!$G:$G,AF$10,月別入力!$G:$G,AG$10,月別入力!$H:$H,"=[1]構成員"),1) -> 0 | AG17: =COUNTIFS(設定!$H:$H,">0",設定!$F:$F,"=[1]構成員",設定!$E:$E,AF$10,設定!$E:$E,AG$10) -> 0 | AH17: =ROUND(SUMIFS(月別入力!$I:$I,月別入力!$D:$D,$D17,月別入力!$G:$G,AH$10,月別入力!$H:$H,"=[1]構成員"),1) -> 0 | AI17: =COUNTIFS(設定!$H:$H,">0",設定!$F:$F,"=[1]構成員",設定!$E:$E,AH$10) -> 0 | AJ17: =ROUND(SUMIFS(月別入力!$I:$I,月別入力!$D:$D,$D17,月別入力!$H:$H,"=[2]雇用"),1) -> 0 | AK17: =COUNTIFS(設定!$H:$H,">0",設定!$F:$F,"=[2]雇用") -> 0 | AM17: =D17 | AU17: 直接労働時間 | AV17: 種子予措 | AW17: =SUM(AB17,AD17,AF17,AH17) -> 0 | AX17: =AJ17 -> 0
D18: =設定!I8 | AB18: =ROUND(SUMIFS(月別入力!$I:$I,月別入力!$D:$D,$D18,月別入力!$G:$G,AB$10,月別入力!$H:$H,"=[1]構成員"),1) -> 0 | AC18: =COUNTIFS(設定!$I:$I,">0",設定!$F:$F,"=[1]構成員",設定!$E:$E,AB$10) -> 0 | AD18: =ROUND(SUMIFS(月別入力!$I:$I,月別入力!$D:$D,$D18,月別入力!$G:$G,AD$10,月別入力!$G:$G,AE$10,月別入力!$H:$H,"=[1]構成員"),1) -> 0 | AE18: =COUNTIFS(設定!$I:$I,">0",設定!$F:$F,"=[1]構成員",設定!$E:$E,AD$10,設定!$E:$E,AE$10) -> 0 | AF18: =ROUND(SUMIFS(月別入力!$I:$I,月別入力!$D:$D,$D18,月別入力!$G:$G,AF$10,月別入力!$G:$G,AG$10,月別入力!$H:$H,"=[1]構成員"),1) -> 0 | AG18: =COUNTIFS(設定!$I:$I,">0",設定!$F:$F,"=[1]構成員",設定!$E:$E,AF$10,設定!$E:$E,AG$10) -> 0 | AH18: =ROUND(SUMIFS(月別入力!$I:$I,月別入力!$D:$D,$D18,月別入力!$G:$G,AH$10,月別入力!$H:$H,"=[1]構成員"),1) -> 0 | AI18: =COUNTIFS(設定!$I:$I,">0",設定!$F:$F,"=[1]構成員",設定!$E:$E,AH$10) -> 0 | AJ18: =ROUND(SUMIFS(月別入力!$I:$I,月別入力!$D:$D,$D18,月別入力!$H:$H,"=[2]雇用"),1) -> 0 | AK18: =COUNTIFS(設定!$I:$I,">0",設定!$F:$F,"=[2]雇用") -> 0 | AM18: =D18 | AV18: 育苗 | AW18: =SUM(AB18,AD18,AF18,AH18) -> 0 | AX18: =AJ18 -> 0
D19: =設定!J8 | AB19: =ROUND(SUMIFS(月別入力!$I:$I,月別入力!$D:$D,$D19,月別入力!$G:$G,AB$10,月別入力!$H:$H,"=[1]構成員"),1) -> 0 | AC19: =COUNTIFS(設定!$J:$J,">0",設定!$F:$F,"=[1]構成員",設定!$E:$E,AB$10) -> 0 | AD19: =ROUND(SUMIFS(月別入力!$I:$I,月別入力!$D:$D,$D19,月別入力!$G:$G,AD$10,月別入力!$G:$G,AE$10,月別入力!$H:$H,"=[1]構成員"),1) -> 0 | AE19: =COUNTIFS(設定!$J:$J,">0",設定!$F:$F,"=[1]構成員",設定!$E:$E,AD$10,設定!$E:$E,AE$10) -> 0 | AF19: =ROUND(SUMIFS(月別入力!$I:$I,月別入力!$D:$D,$D19,月別入力!$G:$G,AF$10,月別入力!$G:$G,AG$10,月別入力!$H:$H,"=[1]構成員"),1) -> 0 | AG19: =COUNTIFS(設定!$J:$J,">0",設定!$F:$F,"=[1]構成員",設定!$E:$E,AF$10,設定!$E:$E,AG$10) -> 0 | AH19: =ROUND(SUMIFS(月別入力!$I:$I,月別入力!$D:$D,$D19,月別入力!$G:$G,AH$10,月別入力!$H:$H,"=[1]構成員"),1) -> 0 | AI19: =COUNTIFS(設定!$J:$J,">0",設定!$F:$F,"=[1]構成員",設定!$E:$E,AH$10) -> 0 | AJ19: =ROUND(SUMIFS(月別入力!$I:$I,月別入力!$D:$D,$D19,月別入力!$H:$H,"=[2]雇用"),1) -> 0 | AK19: =COUNTIFS(設定!$J:$J,">0",設定!$F:$F,"=[2]雇用") -> 0 | AM19: =D19 | AV19: 耕起整地 | AW19: =SUM(AB19,AD19,AF19,AH19) -> 0 | AX19: =AJ19 -> 0
D20: =設定!K8 | AB20: =ROUND(SUMIFS(月別入力!$I:$I,月別入力!$D:$D,$D20,月別入力!$G:$G,AB$10,月別入力!$H:$H,"=[1]構成員"),1) -> 0 | AC20: =COUNTIFS(設定!$K:$K,">0",設定!$F:$F,"=[1]構成員",設定!$E:$E,AB$10) -> 0 | AD20: =ROUND(SUMIFS(月別入力!$I:$I,月別入力!$D:$D,$D20,月別入力!$G:$G,AD$10,月別入力!$G:$G,AE$10,月別入力!$H:$H,"=[1]構成員"),1) -> 0 | AE20: =COUNTIFS(設定!$K:$K,">0",設定!$F:$F,"=[1]構成員",設定!$E:$E,AD$10,設定!$E:$E,AE$10) -> 0 | AF20: =ROUND(SUMIFS(月別入力!$I:$I,月別入力!$D:$D,$D20,月別入力!$G:$G,AF$10,月別入力!$G:$G,AG$10,月別入力!$H:$H,"=[1]構成員"),1) -> 0 | AG20: =COUNTIFS(設定!$K:$K,">0",設定!$F:$F,"=[1]構成員",設定!$E:$E,AF$10,設定!$E:$E,AG$10) -> 0 | AH20: =ROUND(SUMIFS(月別入力!$I:$I,月別入力!$D:$D,$D20,月別入力!$G:$G,AH$10,月別入力!$H:$H,"=[1]構成員"),1) -> 0 | AI20: =COUNTIFS(設定!$K:$K,">0",設定!$F:$F,"=[1]構成員",設定!$E:$E,AH$10) -> 0 | AJ20: =ROUND(SUMIFS(月別入力!$I:$I,月別入力!$D:$D,$D20,月別入力!$H:$H,"=[2]雇用"),1) -> 0 | AK20: =COUNTIFS(設定!$K:$K,">0",設定!$F:$F,"=[2]雇用") -> 0 | AM20: =D20 | AV20: 基肥 | AW20: =SUM(AB20,AD20,AF20,AH20) -> 0 | AX20: =AJ20 -> 0
D21: =設定!L8 | AB21: =ROUND(SUMIFS(月別入力!$I:$I,月別入力!$D:$D,$D21,月別入力!$G:$G,AB$10,月別入力!$H:$H,"=[1]構成員"),1) -> 0 | AC21: =COUNTIFS(設定!$L:$L,">0",設定!$F:$F,"=[1]構成員",設定!$E:$E,AB$10) -> 0 | AD21: =ROUND(SUMIFS(月別入力!$I:$I,月別入力!$D:$D,$D21,月別入力!$G:$G,AD$10,月別入力!$G:$G,AE$10,月別入力!$H:$H,"=[1]構成員"),1) -> 0 | AE21: =COUNTIFS(設定!$L:$L,">0",設定!$F:$F,"=[1]構成員",設定!$E:$E,AD$10,設定!$E:$E,AE$10) -> 0 | AF21: =ROUND(SUMIFS(月別入力!$I:$I,月別入力!$D:$D,$D21,月別入力!$G:$G,AF$10,月別入力!$G:$G,AG$10,月別入力!$H:$H,"=[1]構成員"),1) -> 0 | AG21: =COUNTIFS(設定!$L:$L,">0",設定!$F:$F,"=[1]構成員",設定!$E:$E,AF$10,設定!$E:$E,AG$10) -> 0 | AH21: =ROUND(SUMIFS(月別入力!$I:$I,月別入力!$D:$D,$D21,月別入力!$G:$G,AH$10,月別入力!$H:$H,"=[1]構成員"),1) -> 0 | AI21: =COUNTIFS(設定!$L:$L,">0",設定!$F:$F,"=[1]構成員",設定!$E:$E,AH$10) -> 0 | AJ21: =ROUND(SUMIFS(月別入力!$I:$I,月別入力!$D:$D,$D21,月別入力!$H:$H,"=[2]雇用"),1) -> 0 | AK21: =COUNTIFS(設定!$L:$L,">0",設定!$F:$F,"=[2]雇用") -> 0 | AM21: =D21 | AV21: 直まき／は種 | AW21: =SUM(AB21,AD21,AF21,AH21) -> 0 | AX21: =AJ21 -> 0
D22: =設定!M8 | AB22: =ROUND(SUMIFS(月別入力!$I:$I,月別入力!$D:$D,$D22,月別入力!$G:$G,AB$10,月別入力!$H:$H,"=[1]構成員"),1) -> 0 | AC22: =COUNTIFS(設定!$M:$M,">0",設定!$F:$F,"=[1]構成員",設定!$E:$E,AB$10) -> 0 | AD22: =ROUND(SUMIFS(月別入力!$I:$I,月別入力!$D:$D,$D22,月別入力!$G:$G,AD$10,月別入力!$G:$G,AE$10,月別入力!$H:$H,"=[1]構成員"),1) -> 0 | AE22: =COUNTIFS(設定!$M:$M,">0",設定!$F:$F,"=[1]構成員",設定!$E:$E,AD$10,設定!$E:$E,AE$10) -> 0 | AF22: =ROUND(SUMIFS(月別入力!$I:$I,月別入力!$D:$D,$D22,月別入力!$G:$G,AF$10,月別入力!$G:$G,AG$10,月別入力!$H:$H,"=[1]構成員"),1) -> 0 | AG22: =COUNTIFS(設定!$M:$M,">0",設定!$F:$F,"=[1]構成員",設定!$E:$E,AF$10,設定!$E:$E,AG$10) -> 0 | AH22: =ROUND(SUMIFS(月別入力!$I:$I,月別入力!$D:$D,$D22,月別入力!$G:$G,AH$10,月別入力!$H:$H,"=[1]構成員"),1) -> 0 | AI22: =COUNTIFS(設定!$M:$M,">0",設定!$F:$F,"=[1]構成員",設定!$E:$E,AH$10) -> 0 | AJ22: =ROUND(SUMIFS(月別入力!$I:$I,月別入力!$D:$D,$D22,月別入力!$H:$H,"=[2]雇用"),1) -> 0 | AK22: =COUNTIFS(設定!$M:$M,">0",設定!$F:$F,"=[2]雇用") -> 0 | AM22: =D22 | AV22: 田植／定植 | AW22: =SUM(AB22,AD22,AF22,AH22) -> 0 | AX22: =AJ22 -> 0
D23: =設定!N8 | AB23: =ROUND(SUMIFS(月別入力!$I:$I,月別入力!$D:$D,$D23,月別入力!$G:$G,AB$10,月別入力!$H:$H,"=[1]構成員"),1) -> 0 | AC23: =COUNTIFS(設定!$N:$N,">0",設定!$F:$F,"=[1]構成員",設定!$E:$E,AB$10) -> 0 | AD23: =ROUND(SUMIFS(月別入力!$I:$I,月別入力!$D:$D,$D23,月別入力!$G:$G,AD$10,月別入力!$G:$G,AE$10,月別入力!$H:$H,"=[1]構成員"),1) -> 0 | AE23: =COUNTIFS(設定!$N:$N,">0",設定!$F:$F,"=[1]構成員",設定!$E:$E,AD$10,設定!$E:$E,AE$10) -> 0 | AF23: =ROUND(SUMIFS(月別入力!$I:$I,月別入力!$D:$D,$D23,月別入力!$G:$G,AF$10,月別入力!$G:$G,AG$10,月別入力!$H:$H,"=[1]構成員"),1) -> 0 | AG23: =COUNTIFS(設定!$N:$N,">0",設定!$F:$F,"=[1]構成員",設定!$E:$E,AF$10,設定!$E:$E,AG$10) -> 0 | AH23: =ROUND(SUMIFS(月別入力!$I:$I,月別入力!$D:$D,$D23,月別入力!$G:$G,AH$10,月別入力!$H:$H,"=[1]構成員"),1) -> 0 | AI23: =COUNTIFS(設定!$N:$N,">0",設定!$F:$F,"=[1]構成員",設定!$E:$E,AH$10) -> 0 | AJ23: =ROUND(SUMIFS(月別入力!$I:$I,月別入力!$D:$D,$D23,月別入力!$H:$H,"=[2]雇用"),1) -> 0 | AK23: =COUNTIFS(設定!$N:$N,">0",設定!$F:$F,"=[2]雇用") -> 0 | AM23: =D23 | AV23: 株分け | AW23: =SUM(AB23,AD23,AF23,AH23) -> 0 | AX23: =AJ23 -> 0
D24: =設定!O8 | AB24: =ROUND(SUMIFS(月別入力!$I:$I,月別入力!$D:$D,$D24,月別入力!$G:$G,AB$10,月別入力!$H:$H,"=[1]構成員"),1) -> 0 | AC24: =COUNTIFS(設定!$O:$O,">0",設定!$F:$F,"=[1]構成員",設定!$E:$E,AB$10) -> 0 | AD24: =ROUND(SUMIFS(月別入力!$I:$I,月別入力!$D:$D,$D24,月別入力!$G:$G,AD$10,月別入力!$G:$G,AE$10,月別入力!$H:$H,"=[1]構成員"),1) -> 0 | AE24: =COUNTIFS(設定!$O:$O,">0",設定!$F:$F,"=[1]構成員",設定!$E:$E,AD$10,設定!$E:$E,AE$10) -> 0 | AF24: =ROUND(SUMIFS(月別入力!$I:$I,月別入力!$D:$D,$D24,月別入力!$G:$G,AF$10,月別入力!$G:$G,AG$10,月別入力!$H:$H,"=[1]構成員"),1) -> 0 | AG24: =COUNTIFS(設定!$O:$O,">0",設定!$F:$F,"=[1]構成員",設定!$E:$E,AF$10,設定!$E:$E,AG$10) -> 0 | AH24: =ROUND(SUMIFS(月別入力!$I:$I,月別入力!$D:$D,$D24,月別入力!$G:$G,AH$10,月別入力!$H:$H,"=[1]構成員"),1) -> 0 | AI24: =COUNTIFS(設定!$O:$O,">0",設定!$F:$F,"=[1]構成員",設定!$E:$E,AH$10) -> 0 | AJ24: =ROUND(SUMIFS(月別入力!$I:$I,月別入力!$D:$D,$D24,月別入力!$H:$H,"=[2]雇用"),1) -> 0 | AK24: =COUNTIFS(設定!$O:$O,">0",設定!$F:$F,"=[2]雇用") -> 0 | AM24: =D24 | AV24: 追肥 | AW24: =SUM(AB24,AD24,AF24,AH24) -> 0 | AX24: =AJ24 -> 0
D25: =設定!P8 | AB25: =ROUND(SUMIFS(月別入力!$I:$I,月別入力!$D:$D,$D25,月別入力!$G:$G,AB$10,月別入力!$H:$H,"=[1]構成員"),1) -> 0 | AC25: =COUNTIFS(設定!$P:$P,">0",設定!$F:$F,"=[1]構成員",設定!$E:$E,AB$10) -> 0 | AD25: =ROUND(SUMIFS(月別入力!$I:$I,月別入力!$D:$D,$D25,月別入力!$G:$G,AD$10,月別入力!$G:$G,AE$10,月別入力!$H:$H,"=[1]構成員"),1) -> 0 | AE25: =COUNTIFS(設定!$P:$P,">0",設定!$F:$F,"=[1]構成員",設定!$E:$E,AD$10,設定!$E:$E,AE$10) -> 0 | AF25: =ROUND(SUMIFS(月別入力!$I:$I,月別入力!$D:$D,$D25,月別入力!$G:$G,AF$10,月別入力!$G:$G,AG$10,月別入力!$H:$H,"=[1]構成員"),1) -> 0 | AG25: =COUNTIFS(設定!$P:$P,">0",設定!$F:$F,"=[1]構成員",設定!$E:$E,AF$10,設定!$E:$E,AG$10) -> 0 | AH25: =ROUND(SUMIFS(月別入力!$I:$I,月別入力!$D:$D,$D25,月別入力!$G:$G,AH$10,月別入力!$H:$H,"=[1]構成員"),1) -> 0 | AI25: =COUNTIFS(設定!$P:$P,">0",設定!$F:$F,"=[1]構成員",設定!$E:$E,AH$10) -> 0 | AJ25: =ROUND(SUMIFS(月別入力!$I:$I,月別入力!$D:$D,$D25,月別入力!$H:$H,"=[2]雇用"),1) -> 0 | AK25: =COUNTIFS(設定!$P:$P,">0",設定!$F:$F,"=[2]雇用") -> 0 | AM25: =D25 | AV25: 除草／中耕除草 | AW25: =SUM(AB25,AD25,AF25,AH25) -> 0 | AX25: =AJ25 -> 0
D26: =設定!Q8 | AB26: =ROUND(SUMIFS(月別入力!$I:$I,月別入力!$D:$D,$D26,月別入力!$G:$G,AB$10,月別入力!$H:$H,"=[1]構成員"),1) -> 0 | AC26: =COUNTIFS(設定!$Q:$Q,">0",設定!$F:$F,"=[1]構成員",設定!$E:$E,AB$10) -> 0 | AD26: =ROUND(SUMIFS(月別入力!$I:$I,月別入力!$D:$D,$D26,月別入力!$G:$G,AD$10,月別入力!$G:$G,AE$10,月別入力!$H:$H,"=[1]構成員"),1) -> 0 | AE26: =COUNTIFS(設定!$Q:$Q,">0",設定!$F:$F,"=[1]構成員",設定!$E:$E,AD$10,設定!$E:$E,AE$10) -> 0 | AF26: =ROUND(SUMIFS(月別入力!$I:$I,月別入力!$D:$D,$D26,月別入力!$G:$G,AF$10,月別入力!$G:$G,AG$10,月別入力!$H:$H,"=[1]構成員"),1) -> 0 | AG26: =COUNTIFS(設定!$Q:$Q,">0",設定!$F:$F,"=[1]構成員",設定!$E:$E,AF$10,設定!$E:$E,AG$10) -> 0 | AH26: =ROUND(SUMIFS(月別入力!$I:$I,月別入力!$D:$D,$D26,月別入力!$G:$G,AH$10,月別入力!$H:$H,"=[1]構成員"),1) -> 0 | AI26: =COUNTIFS(設定!$Q:$Q,">0",設定!$F:$F,"=[1]構成員",設定!$E:$E,AH$10) -> 0 | AJ26: =ROUND(SUMIFS(月別入力!$I:$I,月別入力!$D:$D,$D26,月別入力!$H:$H,"=[2]雇用"),1) -> 0 | AK26: =COUNTIFS(設定!$Q:$Q,">0",設定!$F:$F,"=[2]雇用") -> 0 | AM26: =D26 | AV26: 麦踏み | AW26: =SUM(AB26,AD26,AF26,AH26) -> 0 | AX26: =AJ26 -> 0
D27: =設定!R8 | AB27: =ROUND(SUMIFS(月別入力!$I:$I,月別入力!$D:$D,$D27,月別入力!$G:$G,AB$10,月別入力!$H:$H,"=[1]構成員"),1) -> 0 | AC27: =COUNTIFS(設定!$R:$R,">0",設定!$F:$F,"=[1]構成員",設定!$E:$E,AB$10) -> 0 | AD27: =ROUND(SUMIFS(月別入力!$I:$I,月別入力!$D:$D,$D27,月別入力!$G:$G,AD$10,月別入力!$G:$G,AE$10,月別入力!$H:$H,"=[1]構成員"),1) -> 0 | AE27: =COUNTIFS(設定!$R:$R,">0",設定!$F:$F,"=[1]構成員",設定!$E:$E,AD$10,設定!$E:$E,AE$10) -> 0 | AF27: =ROUND(SUMIFS(月別入力!$I:$I,月別入力!$D:$D,$D27,月別入力!$G:$G,AF$10,月別入力!$G:$G,AG$10,月別入力!$H:$H,"=[1]構成員"),1) -> 0 | AG27: =COUNTIFS(設定!$R:$R,">0",設定!$F:$F,"=[1]構成員",設定!$E:$E,AF$10,設定!$E:$E,AG$10) -> 0 | AH27: =ROUND(SUMIFS(月別入力!$I:$I,月別入力!$D:$D,$D27,月別入力!$G:$G,AH$10,月別入力!$H:$H,"=[1]構成員"),1) -> 0 | AI27: =COUNTIFS(設定!$R:$R,">0",設定!$F:$F,"=[1]構成員",設定!$E:$E,AH$10) -> 0 | AJ27: =ROUND(SUMIFS(月別入力!$I:$I,月別入力!$D:$D,$D27,月別入力!$H:$H,"=[2]雇用"),1) -> 0 | AK27: =COUNTIFS(設定!$R:$R,">0",設定!$F:$F,"=[2]雇用") -> 0 | AM27: =D27 | AV27: 管理 | AW27: =SUM(AB27,AD27,AF27,AH27) -> 0 | AX27: =AJ27 -> 0
D28: =設定!S8 | AB28: =ROUND(SUMIFS(月別入力!$I:$I,月別入力!$D:$D,$D28,月別入力!$G:$G,AB$10,月別入力!$H:$H,"=[1]構成員"),1) -> 0 | AC28: =COUNTIFS(設定!$S:$S,">0",設定!$F:$F,"=[1]構成員",設定!$E:$E,AB$10) -> 0 | AD28: =ROUND(SUMIFS(月別入力!$I:$I,月別入力!$D:$D,$D28,月別入力!$G:$G,AD$10,月別入力!$G:$G,AE$10,月別入力!$H:$H,"=[1]構成員"),1) -> 0 | AE28: =COUNTIFS(設定!$S:$S,">0",設定!$F:$F,"=[1]構成員",設定!$E:$E,AD$10,設定!$E:$E,AE$10) -> 0 | AF28: =ROUND(SUMIFS(月別入力!$I:$I,月別入力!$D:$D,$D28,月別入力!$G:$G,AF$10,月別入力!$G:$G,AG$10,月別入力!$H:$H,"=[1]構成員"),1) -> 0 | AG28: =COUNTIFS(設定!$S:$S,">0",設定!$F:$F,"=[1]構成員",設定!$E:$E,AF$10,設定!$E:$E,AG$10) -> 0 | AH28: =ROUND(SUMIFS(月別入力!$I:$I,月別入力!$D:$D,$D28,月別入力!$G:$G,AH$10,月別入力!$H:$H,"=[1]構成員"),1) -> 0 | AI28: =COUNTIFS(設定!$S:$S,">0",設定!$F:$F,"=[1]構成員",設定!$E:$E,AH$10) -> 0 | AJ28: =ROUND(SUMIFS(月別入力!$I:$I,月別入力!$D:$D,$D28,月別入力!$H:$H,"=[2]雇用"),1) -> 0 | AK28: =COUNTIFS(設定!$S:$S,">0",設定!$F:$F,"=[2]雇用") -> 0 | AM28: =D28 | AV28: 防除 | AW28: =SUM(AB28,AD28,AF28,AH28) -> 0 | AX28: =AJ28 -> 0
D29: =設定!T8 | AB29: =ROUND(SUMIFS(月別入力!$I:$I,月別入力!$D:$D,$D29,月別入力!$G:$G,AB$10,月別入力!$H:$H,"=[1]構成員"),1) -> 0 | AC29: =COUNTIFS(設定!$T:$T,">0",設定!$F:$F,"=[1]構成員",設定!$E:$E,AB$10) -> 0 | AD29: =ROUND(SUMIFS(月別入力!$I:$I,月別入力!$D:$D,$D29,月別入力!$G:$G,AD$10,月別入力!$G:$G,AE$10,月別入力!$H:$H,"=[1]構成員"),1) -> 0 | AE29: =COUNTIFS(設定!$T:$T,">0",設定!$F:$F,"=[1]構成員",設定!$E:$E,AD$10,設定!$E:$E,AE$10) -> 0 | AF29: =ROUND(SUMIFS(月別入力!$I:$I,月別入力!$D:$D,$D29,月別入力!$G:$G,AF$10,月別入力!$G:$G,AG$10,月別入力!$H:$H,"=[1]構成員"),1) -> 0 | AG29: =COUNTIFS(設定!$T:$T,">0",設定!$F:$F,"=[1]構成員",設定!$E:$E,AF$10,設定!$E:$E,AG$10) -> 0 | AH29: =ROUND(SUMIFS(月別入力!$I:$I,月別入力!$D:$D,$D29,月別入力!$G:$G,AH$10,月別入力!$H:$H,"=[1]構成員"),1) -> 0 | AI29: =COUNTIFS(設定!$T:$T,">0",設定!$F:$F,"=[1]構成員",設定!$E:$E,AH$10) -> 0 | AJ29: =ROUND(SUMIFS(月別入力!$I:$I,月別入力!$D:$D,$D29,月別入力!$H:$H,"=[2]雇用"),1) -> 0 | AK29: =COUNTIFS(設定!$T:$T,">0",設定!$F:$F,"=[2]雇用") -> 0 | AM29: =D29 | AV29: はく葉 | AW29: =SUM(AB29,AD29,AF29,AH29) -> 0 | AX29: =AJ29 -> 0
D30: =設定!U8 | AB30: =ROUND(SUMIFS(月別入力!$I:$I,月別入力!$D:$D,$D30,月別入力!$G:$G,AB$10,月別入力!$H:$H,"=[1]構成員"),1) -> 0 | AC30: =COUNTIFS(設定!$U:$U,">0",設定!$F:$F,"=[1]構成員",設定!$E:$E,AB$10) -> 0 | AD30: =ROUND(SUMIFS(月別入力!$I:$I,月別入力!$D:$D,$D30,月別入力!$G:$G,AD$10,月別入力!$G:$G,AE$10,月別入力!$H:$H,"=[1]構成員"),1) -> 0 | AE30: =COUNTIFS(設定!$U:$U,">0",設定!$F:$F,"=[1]構成員",設定!$E:$E,AD$10,設定!$E:$E,AE$10) -> 0 | AF30: =ROUND(SUMIFS(月別入力!$I:$I,月別入力!$D:$D,$D30,月別入力!$G:$G,AF$10,月別入力!$G:$G,AG$10,月別入力!$H:$H,"=[1]構成員"),1) -> 0 | AG30: =COUNTIFS(設定!$U:$U,">0",設定!$F:$F,"=[1]構成員",設定!$E:$E,AF$10,設定!$E:$E,AG$10) -> 0 | AH30: =ROUND(SUMIFS(月別入力!$I:$I,月別入力!$D:$D,$D30,月別入力!$G:$G,AH$10,月別入力!$H:$H,"=[1]構成員"),1) -> 0 | AI30: =COUNTIFS(設定!$U:$U,">0",設定!$F:$F,"=[1]構成員",設定!$E:$E,AH$10) -> 0 | AJ30: =ROUND(SUMIFS(月別入力!$I:$I,月別入力!$D:$D,$D30,月別入力!$H:$H,"=[2]雇用"),1) -> 0 | AK30: =COUNTIFS(設定!$U:$U,">0",設定!$F:$F,"=[2]雇用") -> 0 | AM30: =D30 | AV30: 刈取脱穀 | AW30: =SUM(AB30,AD30,AF30,AH30) -> 0 | AX30: =AJ30 -> 0
D31: =設定!V8 | AB31: =ROUND(SUMIFS(月別入力!$I:$I,月別入力!$D:$D,$D31,月別入力!$G:$G,AB$10,月別入力!$H:$H,"=[1]構成員"),1) -> 0 | AC31: =COUNTIFS(設定!$V:$V,">0",設定!$F:$F,"=[1]構成員",設定!$E:$E,AB$10) -> 0 | AD31: =ROUND(SUMIFS(月別入力!$I:$I,月別入力!$D:$D,$D31,月別入力!$G:$G,AD$10,月別入力!$G:$G,AE$10,月別入力!$H:$H,"=[1]構成員"),1) -> 0 | AE31: =COUNTIFS(設定!$V:$V,">0",設定!$F:$F,"=[1]構成員",設定!$E:$E,AD$10,設定!$E:$E,AE$10) -> 0 | AF31: =ROUND(SUMIFS(月別入力!$I:$I,月別入力!$D:$D,$D31,月別入力!$G:$G,AF$10,月別入力!$G:$G,AG$10,月別入力!$H:$H,"=[1]構成員"),1) -> 0 | AG31: =COUNTIFS(設定!$V:$V,">0",設定!$F:$F,"=[1]構成員",設定!$E:$E,AF$10,設定!$E:$E,AG$10) -> 0 | AH31: =ROUND(SUMIFS(月別入力!$I:$I,月別入力!$D:$D,$D31,月別入力!$G:$G,AH$10,月別入力!$H:$H,"=[1]構成員"),1) -> 0 | AI31: =COUNTIFS(設定!$V:$V,">0",設定!$F:$F,"=[1]構成員",設定!$E:$E,AH$10) -> 0 | AJ31: =ROUND(SUMIFS(月別入力!$I:$I,月別入力!$D:$D,$D31,月別入力!$H:$H,"=[2]雇用"),1) -> 0 | AK31: =COUNTIFS(設定!$V:$V,">0",設定!$F:$F,"=[2]雇用") -> 0 | AM31: =D31 | AV31: 乾燥 | AW31: =SUM(AB31,AD31,AF31,AH31) -> 0 | AX31: =AJ31 -> 0
D32: =設定!W8 | AB32: =ROUND(SUMIFS(月別入力!$I:$I,月別入力!$D:$D,$D32,月別入力!$G:$G,AB$10,月別入力!$H:$H,"=[1]構成員"),1) -> 0 | AC32: =COUNTIFS(設定!$W:$W,">0",設定!$F:$F,"=[1]構成員",設定!$E:$E,AB$10) -> 0 | AD32: =ROUND(SUMIFS(月別入力!$I:$I,月別入力!$D:$D,$D32,月別入力!$G:$G,AD$10,月別入力!$G:$G,AE$10,月別入力!$H:$H,"=[1]構成員"),1) -> 0 | AE32: =COUNTIFS(設定!$W:$W,">0",設定!$F:$F,"=[1]構成員",設定!$E:$E,AD$10,設定!$E:$E,AE$10) -> 0 | AF32: =ROUND(SUMIFS(月別入力!$I:$I,月別入力!$D:$D,$D32,月別入力!$G:$G,AF$10,月別入力!$G:$G,AG$10,月別入力!$H:$H,"=[1]構成員"),1) -> 0 | AG32: =COUNTIFS(設定!$W:$W,">0",設定!$F:$F,"=[1]構成員",設定!$E:$E,AF$10,設定!$E:$E,AG$10) -> 0 | AH32: =ROUND(SUMIFS(月別入力!$I:$I,月別入力!$D:$D,$D32,月別入力!$G:$G,AH$10,月別入力!$H:$H,"=[1]構成員"),1) -> 0 | AI32: =COUNTIFS(設定!$W:$W,">0",設定!$F:$F,"=[1]構成員",設定!$E:$E,AH$10) -> 0 | AM32: =D32 | AV32: 生産管理 | AW32: =SUM(AB32,AD32,AF32,AH32) -> 0
D33: =設定!X8 | AB33: =ROUND(SUMIFS(月別入力!$I:$I,月別入力!$D:$D,$D33,月別入力!$G:$G,AB$10,月別入力!$H:$H,"=[1]構成員"),1) -> 0 | AC33: =COUNTIFS(設定!$X:$X,">0",設定!$F:$F,"=[1]構成員",設定!$E:$E,AB$10) -> 0 | AD33: =ROUND(SUMIFS(月別入力!$I:$I,月別入力!$D:$D,$D33,月別入力!$G:$G,AD$10,月別入力!$G:$G,AE$10,月別入力!$H:$H,"=[1]構成員"),1) -> 0 | AE33: =COUNTIFS(設定!$X:$X,">0",設定!$F:$F,"=[1]構成員",設定!$E:$E,AD$10,設定!$E:$E,AE$10) -> 0 | AF33: =ROUND(SUMIFS(月別入力!$I:$I,月別入力!$D:$D,$D33,月別入力!$G:$G,AF$10,月別入力!$G:$G,AG$10,月別入力!$H:$H,"=[1]構成員"),1) -> 0 | AG33: =COUNTIFS(設定!$X:$X,">0",設定!$F:$F,"=[1]構成員",設定!$E:$E,AF$10,設定!$E:$E,AG$10) -> 0 | AH33: =ROUND(SUMIFS(月別入力!$I:$I,月別入力!$D:$D,$D33,月別入力!$G:$G,AH$10,月別入力!$H:$H,"=[1]構成員"),1) -> 0 | AI33: =COUNTIFS(設定!$X:$X,">0",設定!$F:$F,"=[1]構成員",設定!$E:$E,AH$10) -> 0 | AJ33: =ROUND(SUMIFS(月別入力!$I:$I,月別入力!$D:$D,$D33,月別入力!$H:$H,"=[2]雇用"),1) -> 0 | AK33: =COUNTIFS(設定!$X:$X,">0",設定!$F:$F,"=[2]雇用") -> 0 | AM33: =D33 | AU33: 間接労働時間 | AW33: =SUM(AB33,AD33,AF33,AH33) -> 0 | AX33: =AJ33 -> 0 | AZ33: 労賃単価を入力してください。
C34: 注：「もみすり・調製作業」と「包装荷造り作業」が機械化一貫作業の場合、包装荷造りに要した作業時間を除いて記入してください。 | AU34: 直接労働時間計 | AW34: =SUBTOTAL(109,AW17:AW32) -> 0 | AX34: =SUBTOTAL(109,AX17:AX32) -> 0 | AZ34: 労賃単価（円）
AU35: 労働時間合計 | AW35: =SUM(AW33:AW34) -> 0 | AX35: =SUM(AX33:AX34) -> 0
B36: ２ 支払賃金
C37: 当年産の対象品目生産のために雇用者に支払った労賃（現物支給も含む。）を記入してください。
AU38: 年齢階層別労働時間・労働評価額
C39: 区分 | F39: 支払賃金（円） | M39: 対象品目 負担割合（％） | AW39: 構成員 | BB39: 雇用
C40: 合計
AW41: ６５歳未満 | AX41: ６５～７０ | AY41: ７０～７５ | AZ41: ７５歳以上 | BA41: 計
AU43: 労働時間 | AV43: 直接労働 | AW43: =SUBTOTAL(109,AB17:AB32) -> 0 | AX43: =SUBTOTAL(109,AD17:AD32) -> 0 | AY43: =SUBTOTAL(109,AF17:AF32) -> 0 | AZ43: =SUBTOTAL(109,AH17:AH32) -> 0 | BA43: =SUM(AW43:AZ43) -> 0 | BB43: =AX34 -> 0
AV44: 間接労働 | AW44: =SUM(AB33) -> 0 | AX44: =SUM(AD33) -> 0 | AY44: =SUM(AF33) -> 0 | AZ44: =SUM(AH33) -> 0 | BA44: =SUM(AW44:AZ44) -> 0 | BB44: =AJ33 -> 0
AV45: 計 | AW45: =SUM(AW43:AW44) -> 0 | AX45: =SUM(AX43:AX44) -> 0 | AY45: =SUM(AY43:AY44) -> 0 | AZ45: =SUM(AZ43:AZ44) -> 0 | BA45: =SUM(AW45:AZ45) -> 0 | BB45: =SUM(BB43:BB44) -> 0
AU46: 労働評価額 | AV46: 直接労働 | AW46: =ROUND(AW43*$AZ$35,) -> 0 | AX46: =ROUND(AX43*$AZ$35*0.9,) -> 0 | AY46: =ROUND(AY43*$AZ$35*0.8,) -> 0 | AZ46: =ROUND(AZ43*$AZ$35*0.7,) -> 0 | BA46: =ROUND(SUM(AW46:AZ46),0) -> 0 | BB46: =IF($BB$45>0,ROUND($F$40*$M$40%*BB43/$BB$45,),"")
AV47: 間接労働 | AW47: =ROUND(AW44*$AZ$35,) -> 0 | AX47: =ROUND(AX44*$AZ$35*0.9,) -> 0 | AY47: =ROUND(AY44*$AZ$35*0.8,) -> 0 | AZ47: =ROUND(AZ44*$AZ$35*0.7,) -> 0 | BA47: =ROUND(SUM(AW47:AZ47),0) -> 0 | BB47: =IF($BB$45>0,ROUND($F$40*$M$40%*BB44/$BB$45,),"")
AV48: 計 | AW48: =ROUND(SUM(AW46:AW47),0) -> 0 | AX48: =ROUND(SUM(AX46:AX47),0) -> 0 | AY48: =ROUND(SUM(AY46:AY47),0) -> 0 | AZ48: =ROUND(SUM(AZ46:AZ47),0) -> 0 | BA48: =SUM(AW48:AZ48) -> 0 | BB48: =SUM(BB46:BB47) -> 0

Sheet リスト
A1: 経営種類 | B1: 生産費区分 | C1: 性別 | D1: 家族・雇用 | E1: 構成員・雇用 | F1: 作業_米 | G1: 作業_小麦 | H1: 作業_二条大麦 | I1: 作業_六条大麦 | J1: 作業_はだか類 | K1: 作業_そば | L1: 作業_大豆 | M1: 作業_原料用かんしょ | N1: 作業_原料用ばれいしょ | O1: 作業_なたね | P1: 作業_てんさい | Q1: 作業_さとうきび | R1: 家族 | S1: 出力順
A2: 個別経営体 | B2: なたね | C2: [1]男 | D2: [1]家族 | E2: [1]構成員 | F2: 種子予措 | G2: 種子予措 | H2: 種子予措 | I2: 種子予措 | J2: 種子予措 | R2: =IF(AND(設定!G10>0,設定!F10<>"[5]雇用"),設定!C10,"") | S2: =IF(AND(設定!F10>0,設定!F10<>"[5]雇用"),ROW()-1,"") | T2: =IFERROR(INDEX(設定!$C$10:$C$109,SMALL(リスト!$S$2:$S$100,ROW()-1),1),"")
A3: 組織法人経営体 | B3: そば | C3: [2]女 | D3: [2]同居人 | E3: [2]雇用 | F3: 育苗 | L3: 育苗 | M3: 育苗 | O3: 育苗 | P3: 育苗 | Q3: 育苗 | R3: =IF(AND(設定!G11>0,設定!F11<>"[5]雇用"),設定!C11,"") | S3: =IF(AND(設定!F11>0,設定!F11<>"[5]雇用"),ROW()-1,"") | T3: =IFERROR(INDEX(設定!$C$10:$C$109,SMALL(リスト!$S$2:$S$100,ROW()-1),1),"")
B4: 二条大麦 | D4: [3]ゆい・手間替え受け | F4: 耕起整地 | G4: 耕起整地 | H4: 耕起整地 | I4: 耕起整地 | J4: 耕起整地 | K4: 耕起整地 | L4: 耕起整地 | M4: 耕起整地 | N4: 耕起整地 | O4: 耕起整地 | P4: 耕起整地 | Q4: 耕起整地 | R4: =IF(AND(設定!G12>0,設定!F12<>"[5]雇用"),設定!C12,"") | S4: =IF(AND(設定!F12>0,設定!F12<>"[5]雇用"),ROW()-1,"") | T4: =IFERROR(INDEX(設定!$C$10:$C$109,SMALL(リスト!$S$2:$S$100,ROW()-1),1),"")
B5: 六条大麦 | D5: [4]手伝い・共同作業受け | F5: 基肥 | G5: 基肥 | H5: 基肥 | I5: 基肥 | J5: 基肥 | K5: 基肥 | L5: 基肥 | M5: 基肥 | N5: 基肥 | O5: 基肥 | P5: 基肥 | Q5: 基肥 | R5: =IF(AND(設定!G13>0,設定!F13<>"[5]雇用"),設定!C13,"") | S5: =IF(AND(設定!F13>0,設定!F13<>"[5]雇用"),ROW()-1,"") | T5: =IFERROR(INDEX(設定!$C$10:$C$109,SMALL(リスト!$S$2:$S$100,ROW()-1),1),"")
B6: はだか麦 | D6: [5]雇用 | F6: 直まき | G6: は種 | H6: は種 | I6: は種 | J6: は種 | K6: は種 | L6: は種 | N6: は種 | O6: は種 | P6: は種 | R6: =IF(AND(設定!G14>0,設定!F14<>"[5]雇用"),設定!C14,"") | S6: =IF(AND(設定!F14>0,設定!F14<>"[5]雇用"),ROW()-1,"") | T6: =IFERROR(INDEX(設定!$C$10:$C$109,SMALL(リスト!$S$2:$S$100,ROW()-1),1),"")
B7: 米 | F7: 田植 | L7: 定植 | M7: 定植 | O7: 定植 | P7: 定植 | Q7: 定植 | R7: =IF(AND(設定!G15>0,設定!F15<>"[5]雇用"),設定!C15,"") | S7: =IF(AND(設定!F15>0,設定!F15<>"[5]雇用"),ROW()-1,"") | T7: =IFERROR(INDEX(設定!$C$10:$C$109,SMALL(リスト!$S$2:$S$100,ROW()-1),1),"")
B8: 小麦 | Q8: 株分け | R8: =IF(AND(設定!G16>0,設定!F16<>"[5]雇用"),設定!C16,"") | S8: =IF(AND(設定!F16>0,設定!F16<>"[5]雇用"),ROW()-1,"") | T8: =IFERROR(INDEX(設定!$C$10:$C$109,SMALL(リスト!$S$2:$S$100,ROW()-1),1),"")
B9: 大豆 | F9: 追肥 | G9: 追肥 | H9: 追肥 | I9: 追肥 | J9: 追肥 | K9: 追肥 | L9: 追肥 | M9: 追肥 | N9: 追肥 | O9: 追肥 | P9: 追肥 | Q9: 追肥 | R9: =IF(AND(設定!G17>0,設定!F17<>"[5]雇用"),設定!C17,"") | S9: =IF(AND(設定!F17>0,設定!F17<>"[5]雇用"),ROW()-1,"") | T9: =IFERROR(INDEX(設定!$C$10:$C$109,SMALL(リスト!$S$2:$S$100,ROW()-1),1),"")
B10: 原料用かんしょ | F10: 除草 | G10: 中耕除草 | H10: 中耕除草 | I10: 中耕除草 | J10: 中耕除草 | K10: 中耕除草 | L10: 中耕除草 | M10: 中耕除草 | N10: 中耕除草 | O10: 中耕除草 | P10: 中耕除草 | Q10: 中耕除草 | R10: =IF(AND(設定!G18>0,設定!F18<>"[5]雇用"),設定!C18,"") | S10: =IF(AND(設定!F18>0,設定!F18<>"[5]雇用"),ROW()-1,"") | T10: =IFERROR(INDEX(設定!$C$10:$C$109,SMALL(リスト!$S$2:$S$100,ROW()-1),1),"")
B11: 原料用ばれいしょ | G11: 麦踏み | H11: 麦踏み | I11: 麦踏み | J11: 麦踏み | R11: =IF(AND(設定!G19>0,設定!F19<>"[5]雇用"),設定!C19,"") | S11: =IF(AND(設定!F19>0,設定!F19<>"[5]雇用"),ROW()-1,"") | T11: =IFERROR(INDEX(設定!$C$10:$C$109,SMALL(リスト!$S$2:$S$100,ROW()-1),1),"")
B12: さとうきび | F12: 管理 | G12: 管理 | H12: 管理 | I12: 管理 | J12: 管理 | K12: 管理 | L12: 管理 | M12: 管理 | N12: 管理 | O12: 管理 | P12: 管理 | Q12: 管理 | R12: =IF(AND(設定!G20>0,設定!F20<>"[5]雇用"),設定!C20,"") | S12: =IF(AND(設定!F20>0,設定!F20<>"[5]雇用"),ROW()-1,"") | T12: =IFERROR(INDEX(設定!$C$10:$C$109,SMALL(リスト!$S$2:$S$100,ROW()-1),1),"")
B13: てんさい | F13: 防除 | G13: 防除 | H13: 防除 | I13: 防除 | J13: 防除 | K13: 防除 | L13: 防除 | M13: 防除 | N13: 防除 | O13: 防除 | P13: 防除 | Q13: 防除 | R13: =IF(AND(設定!G21>0,設定!F21<>"[5]雇用"),設定!C21,"") | S13: =IF(AND(設定!F21>0,設定!F21<>"[5]雇用"),ROW()-1,"") | T13: =IFERROR(INDEX(設定!$C$10:$C$109,SMALL(リスト!$S$2:$S$100,ROW()-1),1),"")
Q14: はく葉 | R14: =IF(AND(設定!G22>0,設定!F22<>"[5]雇用"),設定!C22,"") | S14: =IF(AND(設定!F22>0,設定!F22<>"[5]雇用"),ROW()-1,"") | T14: =IFERROR(INDEX(設定!$C$10:$C$109,SMALL(リスト!$S$2:$S$100,ROW()-1),1),"")
F15: 刈取脱穀 | G15: 刈取脱穀 | H15: 刈取脱穀 | I15: 刈取脱穀 | J15: 刈取脱穀 | K15: 刈取脱穀 | L15: 収穫 | M15: 収穫 | N15: 収穫 | O15: 刈取脱穀 | P15: 収穫 | Q15: 収穫 | R15: =IF(AND(設定!G23>0,設定!F23<>"[5]雇用"),設定!C23,"") | S15: =IF(AND(設定!F23>0,設定!F23<>"[5]雇用"),ROW()-1,"") | T15: =IFERROR(INDEX(設定!$C$10:$C$109,SMALL(リスト!$S$2:$S$100,ROW()-1),1),"")
F16: 乾燥 | G16: 乾燥 | H16: 乾燥 | I16: 乾燥 | J16: 乾燥 | K16: 乾燥 | L16: 乾燥 | O16: 乾燥 | R16: =IF(AND(設定!G24>0,設定!F24<>"[5]雇用"),設定!C24,"") | S16: =IF(AND(設定!F24>0,設定!F24<>"[5]雇用"),ROW()-1,"") | T16: =IFERROR(INDEX(設定!$C$10:$C$109,SMALL(リスト!$S$2:$S$100,ROW()-1),1),"")
F17: 生産管理 | G17: 生産管理 | H17: 生産管理 | I17: 生産管理 | J17: 生産管理 | K17: 生産管理 | L17: 生産管理 | M17: 生産管理 | N17: 生産管理 | O17: 生産管理 | P17: 生産管理 | Q17: 生産管理 | R17: =IF(AND(設定!G25>0,設定!F25<>"[5]雇用"),設定!C25,"") | S17: =IF(AND(設定!F25>0,設定!F25<>"[5]雇用"),ROW()-1,"") | T17: =IFERROR(INDEX(設定!$C$10:$C$109,SMALL(リスト!$S$2:$S$100,ROW()-1),1),"")
F18: 間接労働 | G18: 間接労働 | H18: 間接労働 | I18: 間接労働 | J18: 間接労働 | K18: 間接労働 | L18: 間接労働 | M18: 間接労働 | N18: 間接労働 | O18: 間接労働 | P18: 間接労働 | Q18: 間接労働 | R18: =IF(AND(設定!G26>0,設定!F26<>"[5]雇用"),設定!C26,"") | S18: =IF(AND(設定!F26>0,設定!F26<>"[5]雇用"),ROW()-1,"") | T18: =IFERROR(INDEX(設定!$C$10:$C$109,SMALL(リスト!$S$2:$S$100,ROW()-1),1),"")
R19: =IF(AND(設定!G27>0,設定!F27<>"[5]雇用"),設定!C27,"") | S19: =IF(AND(設定!F27>0,設定!F27<>"[5]雇用"),ROW()-1,"") | T19: =IFERROR(INDEX(設定!$C$10:$C$109,SMALL(リスト!$S$2:$S$100,ROW()-1),1),"")
R20: =IF(AND(設定!G28>0,設定!F28<>"[5]雇用"),設定!C28,"") | S20: =IF(AND(設定!F28>0,設定!F28<>"[5]雇用"),ROW()-1,"") | T20: =IFERROR(INDEX(設定!$C$10:$C$109,SMALL(リスト!$S$2:$S$100,ROW()-1),1),"")
R21: =IF(AND(設定!G29>0,設定!F29<>"[5]雇用"),設定!C29,"") | S21: =IF(AND(設定!F29>0,設定!F29<>"[5]雇用"),ROW()-1,"") | T21: =IFERROR(INDEX(設定!$C$10:$C$109,SMALL(リスト!$S$2:$S$100,ROW()-1),1),"")
R22: =IF(AND(設定!G30>0,設定!F30<>"[5]雇用"),設定!C30,"") | S22: =IF(AND(設定!F30>0,設定!F30<>"[5]雇用"),ROW()-1,"") | T22: =IFERROR(INDEX(設定!$C$10:$C$109,SMALL(リスト!$S$2:$S$100,ROW()-1),1),"")
R23: =IF(AND(設定!G31>0,設定!F31<>"[5]雇用"),設定!C31,"") | S23: =IF(AND(設定!F31>0,設定!F31<>"[5]雇用"),ROW()-1,"") | T23: =IFERROR(INDEX(設定!$C$10:$C$109,SMALL(リスト!$S$2:$S$100,ROW()-1),1),"")
R24: =IF(AND(設定!G32>0,設定!F32<>"[5]雇用"),設定!C32,"") | S24: =IF(AND(設定!F32>0,設定!F32<>"[5]雇用"),ROW()-1,"") | T24: =IFERROR(INDEX(設定!$C$10:$C$109,SMALL(リスト!$S$2:$S$100,ROW()-1),1),"")
R25: =IF(AND(設定!G33>0,設定!F33<>"[5]雇用"),設定!C33,"") | S25: =IF(AND(設定!F33>0,設定!F33<>"[5]雇用"),ROW()-1,"") | T25: =IFERROR(INDEX(設定!$C$10:$C$109,SMALL(リスト!$S$2:$S$100,ROW()-1),1),"")
R26: =IF(AND(設定!G34>0,設定!F34<>"[5]雇用"),設定!C34,"") | S26: =IF(AND(設定!F34>0,設定!F34<>"[5]雇用"),ROW()-1,"") | T26: =IFERROR(INDEX(設定!$C$10:$C$109,SMALL(リスト!$S$2:$S$100,ROW()-1),1),"")
R27: =IF(AND(設定!G35>0,設定!F35<>"[5]雇用"),設定!C35,"") | S27: =IF(AND(設定!F35>0,設定!F35<>"[5]雇用"),ROW()-1,"") | T27: =IFERROR(INDEX(設定!$C$10:$C$109,SMALL(リスト!$S$2:$S$100,ROW()-1),1),"")
R28: =IF(AND(設定!G36>0,設定!F36<>"[5]雇用"),設定!C36,"") | S28: =IF(AND(設定!F36>0,設定!F36<>"[5]雇用"),ROW()-1,"") | T28: =IFERROR(INDEX(設定!$C$10:$C$109,SMALL(リスト!$S$2:$S$100,ROW()-1),1),"")
R29: =IF(AND(設定!G37>0,設定!F37<>"[5]雇用"),設定!C37,"") | S29: =IF(AND(設定!F37>0,設定!F37<>"[5]雇用"),ROW()-1,"") | T29: =IFERROR(INDEX(設定!$C$10:$C$109,SMALL(リスト!$S$2:$S$100,ROW()-1),1),"")
R30: =IF(AND(設定!G38>0,設定!F38<>"[5]雇用"),設定!C38,"") | S30: =IF(AND(設定!F38>0,設定!F38<>"[5]雇用"),ROW()-1,"") | T30: =IFERROR(INDEX(設定!$C$10:$C$109,SMALL(リスト!$S$2:$S$100,ROW()-1),1),"")
... R100: =IF(AND(設定!G108>0,設定!F108<>"[5]雇用"),設定!C108,"") | S100: =IF(AND(設定!F108>0,設定!F108<>"[5]雇用"),ROW()-1,"") | T100: =IFERROR(INDEX(設定!$C$10:$C$109,SMALL(リスト!$S$2:$S$100,ROW()-1),1),"")
